player_id,name,team_code,team_name,position,detail_url
56769,강건우,HH,한화 이글스,투수,https://www.koreabaseball.com/Record/Player/PitcherDetail/Basic.aspx?playerId=56769
68050,강백호,HH,한화 이글스,타자,https://www.koreabaseball.com/Record/Player/HitterDetail/Basic.aspx?playerId=68050
50705,강재민,HH,한화 이글스,투수,https://www.koreabaseball.com/Record/Player/PitcherDetail/Basic.aspx?playerId=50705
52769,권광민,HH,한화 이글스,타자,https://www.koreabaseball.com/Record/Player/HitterDetail/Basic.aspx?playerId=52769
55764,권민규,HH,한화 이글스,투수,https://www.koreabaseball.com/Record/Player/PitcherDetail/Basic.aspx?playerId=55764
56794,권현규,HH,한화 이글스,타자,https://www.koreabaseball.com/Record/Player/HitterDetail/Basic.aspx?playerId=56794
69702,김건,HH,한화 이글스,타자,https://www.koreabaseball.com/Futures/Player/HitterDetail.aspx?playerId=69702
52703,김겸재,HH,한화 이글스,투수,https://www.koreabaseball.com/Futures/Player/PitcherDetail.aspx?playerId=52703
53701,김관우,HH,한화 이글스,투수,https://www.koreabaseball.com/Futures/Player/PitcherDetail.aspx?playerId=53701
54705,김도빈,HH,한화 이글스,투수,https://www.koreabaseball.com/Record/Player/PitcherDetail/Basic.aspx?playerId=54705
56713,김동휘,HH,한화 이글스,타자,https://www.koreabaseball.com/Futures/Player/HitterDetail.aspx?playerId=56713
65764,김민우,HH,한화 이글스,투수,https://www.koreabaseball.com/Record/Player/PitcherDetail/Basic.aspx?playerId=65764
50710,김범준,HH,한화 이글스,투수,https://www.koreabaseball.com/Record/Player/PitcherDetail/Basic.aspx?playerId=50710
53754,김서현,HH,한화 이글스,투수,https://www.koreabaseball.com/Record/Player/PitcherDetail/Basic.aspx?playerId=53754
50711,김승일,HH,한화 이글스,투수,https://www.koreabaseball.com/Futures/Player/PitcherDetail.aspx?playerId=50711
63765,김종수,HH,한화 이글스,투수,https://www.koreabaseball.com/Record/Player/PitcherDetail/Basic.aspx?playerId=63765
56704,김준수,HH,한화 이글스,타자,https://www.koreabaseball.com/Futures/Player/HitterDetail.aspx?playerId=56704
66704,김태연,HH,한화 이글스,타자,https://www.koreabaseball.com/Record/Player/HitterDetail/Basic.aspx?playerId=66704
53702,김해찬,HH,한화 이글스,타자,https://www.koreabaseball.com/Futures/Player/HitterDetail.aspx?playerId=53702
52717,노석진,HH,한화 이글스,타자,https://www.koreabaseball.com/Futures/Player/HitterDetail.aspx?playerId=52717
69737,노시환,HH,한화 이글스,타자,https://www.koreabaseball.com/Record/Player/HitterDetail/Basic.aspx?playerId=69737
76715,류현진,HH,한화 이글스,투수,https://www.koreabaseball.com/Record/Player/PitcherDetail/Basic.aspx?playerId=76715
52701,문동주,HH,한화 이글스,투수,https://www.koreabaseball.com/Record/Player/PitcherDetail/Basic.aspx?playerId=52701
53764,문현빈,HH,한화 이글스,타자,https://www.koreabaseball.com/Record/Player/HitterDetail/Basic.aspx?playerId=53764
55711,박부성,HH,한화 이글스,투수,https://www.koreabaseball.com/Futures/Player/PitcherDetail.aspx?playerId=55711
66707,박상언,HH,한화 이글스,타자,https://www.koreabaseball.com/Record/Player/HitterDetail/Basic.aspx?playerId=66707
67703,박상원,HH,한화 이글스,투수,https://www.koreabaseball.com/Record/Player/PitcherDetail/Basic.aspx?playerId=67703
53706,박재규,HH,한화 이글스,투수,https://www.koreabaseball.com/Record/Player/PitcherDetail/Basic.aspx?playerId=53706
50709,박정현,HH,한화 이글스,타자,https://www.koreabaseball.com/Record/Player/HitterDetail/Basic.aspx?playerId=50709
56706,박주진,HH,한화 이글스,타자,https://www.koreabaseball.com/Futures/Player/HitterDetail.aspx?playerId=56706
56709,박준영,HH,한화 이글스,투수,https://www.koreabaseball.com/Futures/Player/PitcherDetail.aspx?playerId=56709
52731,박준영,HH,한화 이글스,투수,https://www.koreabaseball.com/Record/Player/PitcherDetail/Basic.aspx?playerId=52731
69974,배민서,HH,한화 이글스,투수,https://www.koreabaseball.com/Record/Player/PitcherDetail/Basic.aspx?playerId=69974
55798,배승수,HH,한화 이글스,타자,https://www.koreabaseball.com/Record/Player/HitterDetail/Basic.aspx?playerId=55798
77532,손아섭,HH,한화 이글스,타자,https://www.koreabaseball.com/Record/Player/HitterDetail/Basic.aspx?playerId=77532
64006,심우준,HH,한화 이글스,타자,https://www.koreabaseball.com/Record/Player/HitterDetail/Basic.aspx?playerId=64006
52702,양경모,HH,한화 이글스,투수,https://www.koreabaseball.com/Futures/Player/PitcherDetail.aspx?playerId=52702
50813,양선률,HH,한화 이글스,투수,https://www.koreabaseball.com/Futures/Player/PitcherDetail.aspx?playerId=50813
55659,양수호,HH,한화 이글스,투수,https://www.koreabaseball.com/Record/Player/PitcherDetail/Basic.aspx?playerId=55659
65056,엄상백,HH,한화 이글스,투수,https://www.koreabaseball.com/Record/Player/PitcherDetail/Basic.aspx?playerId=65056
55708,엄요셉,HH,한화 이글스,투수,https://www.koreabaseball.com/Futures/Player/PitcherDetail.aspx?playerId=55708
56712,에르난데스,HH,한화 이글스,투수,https://www.koreabaseball.com/Record/Player/PitcherDetail/Basic.aspx?playerId=56712
56703,여현승,HH,한화 이글스,투수,https://www.koreabaseball.com/Futures/Player/PitcherDetail.aspx?playerId=56703
56754,오재원,HH,한화 이글스,타자,https://www.koreabaseball.com/Record/Player/HitterDetail/Basic.aspx?playerId=56754
56719,왕옌청,HH,한화 이글스,투수,https://www.koreabaseball.com/Record/Player/PitcherDetail/Basic.aspx?playerId=56719
54702,원종혁,HH,한화 이글스,투수,https://www.koreabaseball.com/Record/Player/PitcherDetail/Basic.aspx?playerId=54702
69766,유로결,HH,한화 이글스,타자,https://www.koreabaseball.com/Record/Player/HitterDetail/Basic.aspx?playerId=69766
52765,유민,HH,한화 이글스,타자,https://www.koreabaseball.com/Record/Player/HitterDetail/Basic.aspx?playerId=52765
69213,윤산흠,HH,한화 이글스,투수,https://www.koreabaseball.com/Record/Player/PitcherDetail/Basic.aspx?playerId=69213
54703,이기창,HH,한화 이글스,투수,https://www.koreabaseball.com/Futures/Player/PitcherDetail.aspx?playerId=54703
65703,이도윤,HH,한화 이글스,타자,https://www.koreabaseball.com/Record/Player/HitterDetail/Basic.aspx?playerId=65703
56708,이도훈,HH,한화 이글스,타자,https://www.koreabaseball.com/Futures/Player/HitterDetail.aspx?playerId=56708
55704,이동영,HH,한화 이글스,투수,https://www.koreabaseball.com/Futures/Player/PitcherDetail.aspx?playerId=55704
65616,이민우,HH,한화 이글스,투수,https://www.koreabaseball.com/Record/Player/PitcherDetail/Basic.aspx?playerId=65616
55710,이민재,HH,한화 이글스,타자,https://www.koreabaseball.com/Record/Player/HitterDetail/Basic.aspx?playerId=55710
65117,이상규,HH,한화 이글스,투수,https://www.koreabaseball.com/Record/Player/PitcherDetail/Basic.aspx?playerId=65117
55712,이승현,HH,한화 이글스,타자,https://www.koreabaseball.com/Record/Player/HitterDetail/Basic.aspx?playerId=55712
68700,이원석,HH,한화 이글스,타자,https://www.koreabaseball.com/Record/Player/HitterDetail/Basic.aspx?playerId=68700
76812,이재원,HH,한화 이글스,타자,https://www.koreabaseball.com/Record/Player/HitterDetail/Basic.aspx?playerId=76812
56705,이재환,HH,한화 이글스,타자,https://www.koreabaseball.com/Futures/Player/HitterDetail.aspx?playerId=56705
55706,이지성,HH,한화 이글스,타자,https://www.koreabaseball.com/Futures/Player/HitterDetail.aspx?playerId=55706
66657,이진영,HH,한화 이글스,타자,https://www.koreabaseball.com/Record/Player/HitterDetail/Basic.aspx?playerId=66657
50704,임종찬,HH,한화 이글스,타자,https://www.koreabaseball.com/Record/Player/HitterDetail/Basic.aspx?playerId=50704
51762,장규현,HH,한화 이글스,타자,https://www.koreabaseball.com/Record/Player/HitterDetail/Basic.aspx?playerId=51762
69645,장유호,HH,한화 이글스,투수,https://www.koreabaseball.com/Futures/Player/PitcherDetail.aspx?playerId=69645
51764,정민규,HH,한화 이글스,타자,https://www.koreabaseball.com/Record/Player/HitterDetail/Basic.aspx?playerId=51764
53008,정우성,HH,한화 이글스,타자,https://www.koreabaseball.com/Futures/Player/HitterDetail.aspx?playerId=53008
55743,정우주,HH,한화 이글스,투수,https://www.koreabaseball.com/Record/Player/PitcherDetail/Basic.aspx?playerId=55743
69767,정이황,HH,한화 이글스,투수,https://www.koreabaseball.com/Record/Player/PitcherDetail/Basic.aspx?playerId=69767
54768,조동욱,HH,한화 이글스,투수,https://www.koreabaseball.com/Record/Player/PitcherDetail/Basic.aspx?playerId=54768
65707,주현상,HH,한화 이글스,투수,https://www.koreabaseball.com/Record/Player/PitcherDetail/Basic.aspx?playerId=65707
79192,채은성,HH,한화 이글스,타자,https://www.koreabaseball.com/Record/Player/HitterDetail/Basic.aspx?playerId=79192
53705,최원준,HH,한화 이글스,타자,https://www.koreabaseball.com/Record/Player/HitterDetail/Basic.aspx?playerId=53705
56793,최유빈,HH,한화 이글스,타자,https://www.koreabaseball.com/Record/Player/HitterDetail/Basic.aspx?playerId=56793
56714,최윤호,HH,한화 이글스,타자,https://www.koreabaseball.com/Futures/Player/HitterDetail.aspx?playerId=56714
50707,최인호,HH,한화 이글스,타자,https://www.koreabaseball.com/Record/Player/HitterDetail/Basic.aspx?playerId=50707
78288,최재훈,HH,한화 이글스,타자,https://www.koreabaseball.com/Record/Player/HitterDetail/Basic.aspx?playerId=78288
54730,페라자,HH,한화 이글스,타자,https://www.koreabaseball.com/Record/Player/HitterDetail/Basic.aspx?playerId=54730
56797,하동준,HH,한화 이글스,투수,https://www.koreabaseball.com/Record/Player/PitcherDetail/Basic.aspx?playerId=56797
62700,하주석,HH,한화 이글스,타자,https://www.koreabaseball.com/Record/Player/HitterDetail/Basic.aspx?playerId=62700
52710,한경빈,HH,한화 이글스,타자,https://www.koreabaseball.com/Futures/Player/HitterDetail.aspx?playerId=52710
53703,한서구,HH,한화 이글스,투수,https://www.koreabaseball.com/Record/Player/PitcherDetail/Basic.aspx?playerId=53703
55767,한지윤,HH,한화 이글스,타자,https://www.koreabaseball.com/Record/Player/HitterDetail/Basic.aspx?playerId=55767
69706,허관회,HH,한화 이글스,타자,https://www.koreabaseball.com/Record/Player/HitterDetail/Basic.aspx?playerId=69706
52764,허인서,HH,한화 이글스,타자,https://www.koreabaseball.com/Record/Player/HitterDetail/Basic.aspx?playerId=52764
56724,화이트,HH,한화 이글스,투수,https://www.koreabaseball.com/Record/Player/PitcherDetail/Basic.aspx?playerId=56724
54795,황영묵,HH,한화 이글스,타자,https://www.koreabaseball.com/Record/Player/HitterDetail/Basic.aspx?playerId=54795
54729,황준서,HH,한화 이글스,투수,https://www.koreabaseball.com/Record/Player/PitcherDetail/Basic.aspx?playerId=54729
56707,황희성,HH,한화 이글스,투수,https://www.koreabaseball.com/Futures/Player/PitcherDetail.aspx?playerId=56707
63123,강승호,OB,두산 베어스,타자,https://www.koreabaseball.com/Record/Player/HitterDetail/Basic.aspx?playerId=63123
68220,곽빈,OB,두산 베어스,투수,https://www.koreabaseball.com/Record/Player/PitcherDetail/Basic.aspx?playerId=68220
66112,김기연,OB,두산 베어스,타자,https://www.koreabaseball.com/Record/Player/HitterDetail/Basic.aspx?playerId=66112
69238,김대한,OB,두산 베어스,타자,https://www.koreabaseball.com/Record/Player/HitterDetail/Basic.aspx?playerId=69238
52267,김동준,OB,두산 베어스,타자,https://www.koreabaseball.com/Record/Player/HitterDetail/Basic.aspx?playerId=52267
67246,김명신,OB,두산 베어스,투수,https://www.koreabaseball.com/Record/Player/PitcherDetail/Basic.aspx?playerId=67246
53205,김문수,OB,두산 베어스,타자,https://www.koreabaseball.com/Futures/Player/HitterDetail.aspx?playerId=53205
68200,김민규,OB,두산 베어스,투수,https://www.koreabaseball.com/Record/Player/PitcherDetail/Basic.aspx?playerId=68200
53554,김민석,OB,두산 베어스,타자,https://www.koreabaseball.com/Record/Player/HitterDetail/Basic.aspx?playerId=53554
65269,김민혁,OB,두산 베어스,타자,https://www.koreabaseball.com/Record/Player/HitterDetail/Basic.aspx?playerId=65269
55216,김성재,OB,두산 베어스,타자,https://www.koreabaseball.com/Futures/Player/HitterDetail.aspx?playerId=55216
53262,김유성,OB,두산 베어스,투수,https://www.koreabaseball.com/Record/Player/PitcherDetail/Basic.aspx?playerId=53262
63257,김인태,OB,두산 베어스,타자,https://www.koreabaseball.com/Record/Player/HitterDetail/Basic.aspx?playerId=63257
68830,김정우,OB,두산 베어스,투수,https://www.koreabaseball.com/Record/Player/PitcherDetail/Basic.aspx?playerId=68830
56266,김주오,OB,두산 베어스,타자,https://www.koreabaseball.com/Record/Player/HitterDetail/Basic.aspx?playerId=56266
55226,김준상,OB,두산 베어스,타자,https://www.koreabaseball.com/Futures/Player/HitterDetail.aspx?playerId=55226
55222,김지윤,OB,두산 베어스,투수,https://www.koreabaseball.com/Record/Player/PitcherDetail/Basic.aspx?playerId=55222
54263,김택연,OB,두산 베어스,투수,https://www.koreabaseball.com/Record/Player/PitcherDetail/Basic.aspx?playerId=54263
55221,김한중,OB,두산 베어스,투수,https://www.koreabaseball.com/Record/Player/PitcherDetail/Basic.aspx?playerId=55221
68269,김호준,OB,두산 베어스,투수,https://www.koreabaseball.com/Record/Player/PitcherDetail/Basic.aspx?playerId=68269
56208,남태웅,OB,두산 베어스,타자,https://www.koreabaseball.com/Futures/Player/HitterDetail.aspx?playerId=56208
54219,류현준,OB,두산 베어스,타자,https://www.koreabaseball.com/Record/Player/HitterDetail/Basic.aspx?playerId=54219
64468,박계범,OB,두산 베어스,타자,https://www.koreabaseball.com/Record/Player/HitterDetail/Basic.aspx?playerId=64468
53204,박민준,OB,두산 베어스,타자,https://www.koreabaseball.com/Record/Player/HitterDetail/Basic.aspx?playerId=53204
51298,박성재,OB,두산 베어스,타자,https://www.koreabaseball.com/Futures/Player/HitterDetail.aspx?playerId=51298
68249,박신지,OB,두산 베어스,투수,https://www.koreabaseball.com/Record/Player/PitcherDetail/Basic.aspx?playerId=68249
50205,박웅,OB,두산 베어스,투수,https://www.koreabaseball.com/Futures/Player/PitcherDetail.aspx?playerId=50205
65639,박정수,OB,두산 베어스,투수,https://www.koreabaseball.com/Record/Player/PitcherDetail/Basic.aspx?playerId=65639
55252,박준순,OB,두산 베어스,타자,https://www.koreabaseball.com/Record/Player/HitterDetail/Basic.aspx?playerId=55252
50204,박지훈,OB,두산 베어스,타자,https://www.koreabaseball.com/Record/Player/HitterDetail/Basic.aspx?playerId=50204
64646,박찬호,OB,두산 베어스,타자,https://www.koreabaseball.com/Record/Player/HitterDetail/Basic.aspx?playerId=64646
67266,박치국,OB,두산 베어스,투수,https://www.koreabaseball.com/Record/Player/PitcherDetail/Basic.aspx?playerId=67266
56241,서준오,OB,두산 베어스,투수,https://www.koreabaseball.com/Record/Player/PitcherDetail/Basic.aspx?playerId=56241
52294,신민철,OB,두산 베어스,타자,https://www.koreabaseball.com/Futures/Player/HitterDetail.aspx?playerId=52294
56238,신우열,OB,두산 베어스,타자,https://www.koreabaseball.com/Record/Player/HitterDetail/Basic.aspx?playerId=56238
56217,심건보,OB,두산 베어스,타자,https://www.koreabaseball.com/Record/Player/HitterDetail/Basic.aspx?playerId=56217
56222,안민겸,OB,두산 베어스,투수,https://www.koreabaseball.com/Futures/Player/PitcherDetail.aspx?playerId=56222
51203,안재석,OB,두산 베어스,타자,https://www.koreabaseball.com/Record/Player/HitterDetail/Basic.aspx?playerId=51203
56220,안치호,OB,두산 베어스,투수,https://www.koreabaseball.com/Futures/Player/PitcherDetail.aspx?playerId=56220
64153,양석환,OB,두산 베어스,타자,https://www.koreabaseball.com/Record/Player/HitterDetail/Basic.aspx?playerId=64153
76232,양의지,OB,두산 베어스,타자,https://www.koreabaseball.com/Record/Player/HitterDetail/Basic.aspx?playerId=76232
55215,양재훈,OB,두산 베어스,투수,https://www.koreabaseball.com/Record/Player/PitcherDetail/Basic.aspx?playerId=55215
51200,양현진,OB,두산 베어스,타자,https://www.koreabaseball.com/Futures/Player/HitterDetail.aspx?playerId=51200
56214,엄지민,OB,두산 베어스,타자,https://www.koreabaseball.com/Futures/Player/HitterDetail.aspx?playerId=56214
50208,오명진,OB,두산 베어스,타자,https://www.koreabaseball.com/Record/Player/HitterDetail/Basic.aspx?playerId=50208
53296,윤준호,OB,두산 베어스,타자,https://www.koreabaseball.com/Record/Player/HitterDetail/Basic.aspx?playerId=53296
52202,윤태호,OB,두산 베어스,투수,https://www.koreabaseball.com/Record/Player/PitcherDetail/Basic.aspx?playerId=52202
69205,이교훈,OB,두산 베어스,투수,https://www.koreabaseball.com/Record/Player/PitcherDetail/Basic.aspx?playerId=69205
53202,이기석,OB,두산 베어스,투수,https://www.koreabaseball.com/Futures/Player/PitcherDetail.aspx?playerId=53202
52204,이병헌,OB,두산 베어스,투수,https://www.koreabaseball.com/Record/Player/PitcherDetail/Basic.aspx?playerId=52204
55224,이선우,OB,두산 베어스,타자,https://www.koreabaseball.com/Futures/Player/HitterDetail.aspx?playerId=55224
66291,이영하,OB,두산 베어스,투수,https://www.koreabaseball.com/Record/Player/PitcherDetail/Basic.aspx?playerId=66291
77211,이용찬,OB,두산 베어스,투수,https://www.koreabaseball.com/Record/Player/PitcherDetail/Basic.aspx?playerId=77211
67207,이유찬,OB,두산 베어스,타자,https://www.koreabaseball.com/Record/Player/HitterDetail/Basic.aspx?playerId=67207
50262,이주엽,OB,두산 베어스,투수,https://www.koreabaseball.com/Record/Player/PitcherDetail/Basic.aspx?playerId=50262
56235,이주호,OB,두산 베어스,투수,https://www.koreabaseball.com/Record/Player/PitcherDetail/Basic.aspx?playerId=56235
56221,이희성,OB,두산 베어스,타자,https://www.koreabaseball.com/Futures/Player/HitterDetail.aspx?playerId=56221
54236,임종성,OB,두산 베어스,타자,https://www.koreabaseball.com/Record/Player/HitterDetail/Basic.aspx?playerId=54236
56205,임종훈,OB,두산 베어스,투수,https://www.koreabaseball.com/Futures/Player/PitcherDetail.aspx?playerId=56205
56216,임현철,OB,두산 베어스,타자,https://www.koreabaseball.com/Futures/Player/HitterDetail.aspx?playerId=56216
50244,장규빈,OB,두산 베어스,타자,https://www.koreabaseball.com/Futures/Player/HitterDetail.aspx?playerId=50244
53267,장우진,OB,두산 베어스,투수,https://www.koreabaseball.com/Futures/Player/PitcherDetail.aspx?playerId=53267
55239,잭로그,OB,두산 베어스,투수,https://www.koreabaseball.com/Record/Player/PitcherDetail/Basic.aspx?playerId=55239
54214,전다민,OB,두산 베어스,타자,https://www.koreabaseball.com/Record/Player/HitterDetail/Basic.aspx?playerId=54214
56219,정성헌,OB,두산 베어스,투수,https://www.koreabaseball.com/Futures/Player/PitcherDetail.aspx?playerId=56219
79231,정수빈,OB,두산 베어스,타자,https://www.koreabaseball.com/Record/Player/HitterDetail/Basic.aspx?playerId=79231
64202,정은재,OB,두산 베어스,투수,https://www.koreabaseball.com/Record/Player/PitcherDetail/Basic.aspx?playerId=64202
50211,제환유,OB,두산 베어스,투수,https://www.koreabaseball.com/Futures/Player/PitcherDetail.aspx?playerId=50211
66209,조수행,OB,두산 베어스,타자,https://www.koreabaseball.com/Record/Player/HitterDetail/Basic.aspx?playerId=66209
55217,주양준,OB,두산 베어스,타자,https://www.koreabaseball.com/Futures/Player/HitterDetail.aspx?playerId=55217
69093,지강혁,OB,두산 베어스,타자,https://www.koreabaseball.com/Futures/Player/HitterDetail.aspx?playerId=69093
52208,천현재,OB,두산 베어스,타자,https://www.koreabaseball.com/Futures/Player/HitterDetail.aspx?playerId=52208
55268,최민석,OB,두산 베어스,투수,https://www.koreabaseball.com/Record/Player/PitcherDetail/Basic.aspx?playerId=55268
51264,최승용,OB,두산 베어스,투수,https://www.koreabaseball.com/Record/Player/PitcherDetail/Basic.aspx?playerId=51264
51564,최우인,OB,두산 베어스,투수,https://www.koreabaseball.com/Record/Player/PitcherDetail/Basic.aspx?playerId=51564
67263,최원준,OB,두산 베어스,투수,https://www.koreabaseball.com/Record/Player/PitcherDetail/Basic.aspx?playerId=67263
50206,최종인,OB,두산 베어스,투수,https://www.koreabaseball.com/Record/Player/PitcherDetail/Basic.aspx?playerId=50206
56215,최주형,OB,두산 베어스,투수,https://www.koreabaseball.com/Record/Player/PitcherDetail/Basic.aspx?playerId=56215
53259,최준호,OB,두산 베어스,투수,https://www.koreabaseball.com/Record/Player/PitcherDetail/Basic.aspx?playerId=53259
52206,최지강,OB,두산 베어스,투수,https://www.koreabaseball.com/Record/Player/PitcherDetail/Basic.aspx?playerId=52206
56251,카메론,OB,두산 베어스,타자,https://www.koreabaseball.com/Record/Player/HitterDetail/Basic.aspx?playerId=56251
56218,타무라,OB,두산 베어스,투수,https://www.koreabaseball.com/Record/Player/PitcherDetail/Basic.aspx?playerId=56218
50234,플렉센,OB,두산 베어스,투수,https://www.koreabaseball.com/Record/Player/PitcherDetail/Basic.aspx?playerId=50234
55214,한다현,OB,두산 베어스,타자,https://www.koreabaseball.com/Futures/Player/HitterDetail.aspx?playerId=55214
66233,홍성호,OB,두산 베어스,타자,https://www.koreabaseball.com/Record/Player/HitterDetail/Basic.aspx?playerId=66233
55258,황희천,OB,두산 베어스,투수,https://www.koreabaseball.com/Futures/Player/PitcherDetail.aspx?playerId=55258
67604,강이준,HT,KIA 타이거즈,투수,https://www.koreabaseball.com/Futures/Player/PitcherDetail.aspx?playerId=67604
61353,고종욱,HT,KIA 타이거즈,타자,https://www.koreabaseball.com/Record/Player/HitterDetail/Basic.aspx?playerId=61353
53609,곽도규,HT,KIA 타이거즈,투수,https://www.koreabaseball.com/Record/Player/PitcherDetail/Basic.aspx?playerId=53609
56638,곽동효,HT,KIA 타이거즈,타자,https://www.koreabaseball.com/Futures/Player/HitterDetail.aspx?playerId=56638
51640,권다결,HT,KIA 타이거즈,타자,https://www.koreabaseball.com/Futures/Player/HitterDetail.aspx?playerId=51640
76225,김건국,HT,KIA 타이거즈,투수,https://www.koreabaseball.com/Record/Player/PitcherDetail/Basic.aspx?playerId=76225
55618,김경묵,HT,KIA 타이거즈,투수,https://www.koreabaseball.com/Futures/Player/PitcherDetail.aspx?playerId=55618
66614,김규성,HT,KIA 타이거즈,타자,https://www.koreabaseball.com/Record/Player/HitterDetail/Basic.aspx?playerId=66614
69620,김기훈,HT,KIA 타이거즈,투수,https://www.koreabaseball.com/Record/Player/PitcherDetail/Basic.aspx?playerId=69620
60337,김대유,HT,KIA 타이거즈,투수,https://www.koreabaseball.com/Record/Player/PitcherDetail/Basic.aspx?playerId=60337
52605,김도영,HT,KIA 타이거즈,타자,https://www.koreabaseball.com/Record/Player/HitterDetail/Basic.aspx?playerId=52605
69745,김도현,HT,KIA 타이거즈,투수,https://www.koreabaseball.com/Record/Player/PitcherDetail/Basic.aspx?playerId=69745
56637,김민규,HT,KIA 타이거즈,타자,https://www.koreabaseball.com/Record/Player/HitterDetail/Basic.aspx?playerId=56637
69627,김민수,HT,KIA 타이거즈,타자,https://www.koreabaseball.com/Futures/Player/HitterDetail.aspx?playerId=69627
65769,김범수,HT,KIA 타이거즈,투수,https://www.koreabaseball.com/Record/Player/PitcherDetail/Basic.aspx?playerId=65769
63894,김사윤,HT,KIA 타이거즈,투수,https://www.koreabaseball.com/Record/Player/PitcherDetail/Basic.aspx?playerId=63894
56621,김상범,HT,KIA 타이거즈,투수,https://www.koreabaseball.com/Futures/Player/PitcherDetail.aspx?playerId=56621
67610,김석환,HT,KIA 타이거즈,타자,https://www.koreabaseball.com/Record/Player/HitterDetail/Basic.aspx?playerId=67610
78603,김선빈,HT,KIA 타이거즈,타자,https://www.koreabaseball.com/Record/Player/HitterDetail/Basic.aspx?playerId=78603
51604,김선우,HT,KIA 타이거즈,타자,https://www.koreabaseball.com/Futures/Player/HitterDetail.aspx?playerId=51604
53637,김세일,HT,KIA 타이거즈,투수,https://www.koreabaseball.com/Futures/Player/PitcherDetail.aspx?playerId=53637
68928,김시훈,HT,KIA 타이거즈,투수,https://www.koreabaseball.com/Record/Player/PitcherDetail/Basic.aspx?playerId=68928
50613,김양수,HT,KIA 타이거즈,투수,https://www.koreabaseball.com/Futures/Player/PitcherDetail.aspx?playerId=50613
53619,김재현,HT,KIA 타이거즈,타자,https://www.koreabaseball.com/Futures/Player/HitterDetail.aspx?playerId=53619
55646,김정엽,HT,KIA 타이거즈,투수,https://www.koreabaseball.com/Record/Player/PitcherDetail/Basic.aspx?playerId=55646
78122,김태군,HT,KIA 타이거즈,타자,https://www.koreabaseball.com/Record/Player/HitterDetail/Basic.aspx?playerId=78122
55610,김태형,HT,KIA 타이거즈,투수,https://www.koreabaseball.com/Record/Player/PitcherDetail/Basic.aspx?playerId=55610
69516,김현수,HT,KIA 타이거즈,투수,https://www.koreabaseball.com/Record/Player/PitcherDetail/Basic.aspx?playerId=69516
56664,김현수,HT,KIA 타이거즈,투수,https://www.koreabaseball.com/Record/Player/PitcherDetail/Basic.aspx?playerId=56664
65653,김호령,HT,KIA 타이거즈,타자,https://www.koreabaseball.com/Record/Player/HitterDetail/Basic.aspx?playerId=65653
62947,나성범,HT,KIA 타이거즈,타자,https://www.koreabaseball.com/Record/Player/HitterDetail/Basic.aspx?playerId=62947
55629,나연우,HT,KIA 타이거즈,투수,https://www.koreabaseball.com/Futures/Player/PitcherDetail.aspx?playerId=55629
54640,네일,HT,KIA 타이거즈,투수,https://www.koreabaseball.com/Record/Player/PitcherDetail/Basic.aspx?playerId=54640
56632,데일,HT,KIA 타이거즈,타자,https://www.koreabaseball.com/Record/Player/HitterDetail/Basic.aspx?playerId=56632
50657,박민,HT,KIA 타이거즈,타자,https://www.koreabaseball.com/Record/Player/HitterDetail/Basic.aspx?playerId=50657
52634,박상준,HT,KIA 타이거즈,타자,https://www.koreabaseball.com/Record/Player/HitterDetail/Basic.aspx?playerId=52634
55636,박재현,HT,KIA 타이거즈,타자,https://www.koreabaseball.com/Record/Player/HitterDetail/Basic.aspx?playerId=55636
67609,박정우,HT,KIA 타이거즈,타자,https://www.koreabaseball.com/Record/Player/HitterDetail/Basic.aspx?playerId=67609
56634,박종혁,HT,KIA 타이거즈,타자,https://www.koreabaseball.com/Futures/Player/HitterDetail.aspx?playerId=56634
55637,박헌,HT,KIA 타이거즈,타자,https://www.koreabaseball.com/Futures/Player/HitterDetail.aspx?playerId=55637
69727,변우혁,HT,KIA 타이거즈,타자,https://www.koreabaseball.com/Record/Player/HitterDetail/Basic.aspx?playerId=69727
54610,성영탁,HT,KIA 타이거즈,투수,https://www.koreabaseball.com/Record/Player/PitcherDetail/Basic.aspx?playerId=54610
51767,송호정,HT,KIA 타이거즈,타자,https://www.koreabaseball.com/Futures/Player/HitterDetail.aspx?playerId=51767
52642,신명승,HT,KIA 타이거즈,타자,https://www.koreabaseball.com/Futures/Player/HitterDetail.aspx?playerId=52642
77637,양현종,HT,KIA 타이거즈,투수,https://www.koreabaseball.com/Record/Player/PitcherDetail/Basic.aspx?playerId=77637
55631,엄준현,HT,KIA 타이거즈,타자,https://www.koreabaseball.com/Futures/Player/HitterDetail.aspx?playerId=55631
50622,오규석,HT,KIA 타이거즈,투수,https://www.koreabaseball.com/Futures/Player/PitcherDetail.aspx?playerId=50622
69636,오선우,HT,KIA 타이거즈,타자,https://www.koreabaseball.com/Record/Player/HitterDetail/Basic.aspx?playerId=69636
68614,오정환,HT,KIA 타이거즈,타자,https://www.koreabaseball.com/Futures/Player/HitterDetail.aspx?playerId=68614
55633,올러,HT,KIA 타이거즈,투수,https://www.koreabaseball.com/Record/Player/PitcherDetail/Basic.aspx?playerId=55633
67640,유승철,HT,KIA 타이거즈,투수,https://www.koreabaseball.com/Futures/Player/PitcherDetail.aspx?playerId=67640
50604,유지성,HT,KIA 타이거즈,투수,https://www.koreabaseball.com/Record/Player/PitcherDetail/Basic.aspx?playerId=50604
52667,윤도현,HT,KIA 타이거즈,타자,https://www.koreabaseball.com/Record/Player/HitterDetail/Basic.aspx?playerId=52667
53613,윤영철,HT,KIA 타이거즈,투수,https://www.koreabaseball.com/Record/Player/PitcherDetail/Basic.aspx?playerId=53613
68619,윤중현,HT,KIA 타이거즈,투수,https://www.koreabaseball.com/Record/Player/PitcherDetail/Basic.aspx?playerId=68619
53615,이도현,HT,KIA 타이거즈,투수,https://www.koreabaseball.com/Record/Player/PitcherDetail/Basic.aspx?playerId=53615
56635,이도훈,HT,KIA 타이거즈,타자,https://www.koreabaseball.com/Futures/Player/HitterDetail.aspx?playerId=56635
55632,이성원,HT,KIA 타이거즈,투수,https://www.koreabaseball.com/Record/Player/PitcherDetail/Basic.aspx?playerId=55632
51668,이승재,HT,KIA 타이거즈,투수,https://www.koreabaseball.com/Futures/Player/PitcherDetail.aspx?playerId=51668
51605,이영재,HT,KIA 타이거즈,타자,https://www.koreabaseball.com/Futures/Player/HitterDetail.aspx?playerId=51605
51648,이의리,HT,KIA 타이거즈,투수,https://www.koreabaseball.com/Record/Player/PitcherDetail/Basic.aspx?playerId=51648
51602,이준범,HT,KIA 타이거즈,타자,https://www.koreabaseball.com/Futures/Player/HitterDetail.aspx?playerId=51602
65665,이준영,HT,KIA 타이거즈,투수,https://www.koreabaseball.com/Record/Player/PitcherDetail/Basic.aspx?playerId=65665
64560,이창진,HT,KIA 타이거즈,타자,https://www.koreabaseball.com/Record/Player/HitterDetail/Basic.aspx?playerId=64560
60768,이태양,HT,KIA 타이거즈,투수,https://www.koreabaseball.com/Record/Player/PitcherDetail/Basic.aspx?playerId=60768
62951,이형범,HT,KIA 타이거즈,투수,https://www.koreabaseball.com/Record/Player/PitcherDetail/Basic.aspx?playerId=62951
55663,이호민,HT,KIA 타이거즈,투수,https://www.koreabaseball.com/Record/Player/PitcherDetail/Basic.aspx?playerId=55663
68504,이호연,HT,KIA 타이거즈,타자,https://www.koreabaseball.com/Record/Player/HitterDetail/Basic.aspx?playerId=68504
56624,이호진,HT,KIA 타이거즈,투수,https://www.koreabaseball.com/Futures/Player/PitcherDetail.aspx?playerId=56624
51665,장민기,HT,KIA 타이거즈,투수,https://www.koreabaseball.com/Futures/Player/PitcherDetail.aspx?playerId=51665
51603,장시현,HT,KIA 타이거즈,타자,https://www.koreabaseball.com/Futures/Player/HitterDetail.aspx?playerId=51603
50641,장재혁,HT,KIA 타이거즈,투수,https://www.koreabaseball.com/Record/Player/PitcherDetail/Basic.aspx?playerId=50641
66609,전상현,HT,KIA 타이거즈,투수,https://www.koreabaseball.com/Record/Player/PitcherDetail/Basic.aspx?playerId=66609
56627,정다훈,HT,KIA 타이거즈,투수,https://www.koreabaseball.com/Futures/Player/PitcherDetail.aspx?playerId=56627
56645,정찬화,HT,KIA 타이거즈,투수,https://www.koreabaseball.com/Record/Player/PitcherDetail/Basic.aspx?playerId=56645
50662,정해영,HT,KIA 타이거즈,투수,https://www.koreabaseball.com/Record/Player/PitcherDetail/Basic.aspx?playerId=50662
53659,정해원,HT,KIA 타이거즈,타자,https://www.koreabaseball.com/Record/Player/HitterDetail/Basic.aspx?playerId=53659
55926,정현창,HT,KIA 타이거즈,타자,https://www.koreabaseball.com/Record/Player/HitterDetail/Basic.aspx?playerId=55926
56612,조건호,HT,KIA 타이거즈,투수,https://www.koreabaseball.com/Futures/Player/PitcherDetail.aspx?playerId=56612
63342,조상우,HT,KIA 타이거즈,투수,https://www.koreabaseball.com/Record/Player/PitcherDetail/Basic.aspx?playerId=63342
66354,주효상,HT,KIA 타이거즈,타자,https://www.koreabaseball.com/Record/Player/HitterDetail/Basic.aspx?playerId=66354
56633,지현,HT,KIA 타이거즈,투수,https://www.koreabaseball.com/Futures/Player/PitcherDetail.aspx?playerId=56633
56636,차상현,HT,KIA 타이거즈,타자,https://www.koreabaseball.com/Futures/Player/HitterDetail.aspx?playerId=56636
56639,천정민,HT,KIA 타이거즈,타자,https://www.koreabaseball.com/Futures/Player/HitterDetail.aspx?playerId=56639
55628,최건희,HT,KIA 타이거즈,투수,https://www.koreabaseball.com/Futures/Player/PitcherDetail.aspx?playerId=55628
56647,최유찬,HT,KIA 타이거즈,투수,https://www.koreabaseball.com/Futures/Player/PitcherDetail.aspx?playerId=56647
65464,최정용,HT,KIA 타이거즈,타자,https://www.koreabaseball.com/Record/Player/HitterDetail/Basic.aspx?playerId=65464
52639,최지민,HT,KIA 타이거즈,투수,https://www.koreabaseball.com/Record/Player/PitcherDetail/Basic.aspx?playerId=52639
56626,카스트로,HT,KIA 타이거즈,타자,https://www.koreabaseball.com/Record/Player/HitterDetail/Basic.aspx?playerId=56626
52628,한승연,HT,KIA 타이거즈,타자,https://www.koreabaseball.com/Record/Player/HitterDetail/Basic.aspx?playerId=52628
51994,한재승,HT,KIA 타이거즈,투수,https://www.koreabaseball.com/Record/Player/PitcherDetail/Basic.aspx?playerId=51994
68646,한준수,HT,KIA 타이거즈,타자,https://www.koreabaseball.com/Record/Player/HitterDetail/Basic.aspx?playerId=68646
56619,한준희,HT,KIA 타이거즈,타자,https://www.koreabaseball.com/Futures/Player/HitterDetail.aspx?playerId=56619
61643,홍건희,HT,KIA 타이거즈,투수,https://www.koreabaseball.com/Record/Player/PitcherDetail/Basic.aspx?playerId=61643
55267,홍민규,HT,KIA 타이거즈,투수,https://www.koreabaseball.com/Record/Player/PitcherDetail/Basic.aspx?playerId=55267
65610,황대인,HT,KIA 타이거즈,타자,https://www.koreabaseball.com/Record/Player/HitterDetail/Basic.aspx?playerId=65610
52641,황동하,HT,KIA 타이거즈,투수,https://www.koreabaseball.com/Record/Player/PitcherDetail/Basic.aspx?playerId=52641
59375,황석민,HT,KIA 타이거즈,타자,https://www.koreabaseball.com/Futures/Player/HitterDetail.aspx?playerId=59375
56628,황석민,HT,KIA 타이거즈,타자,https://www.koreabaseball.com/Futures/Player/HitterDetail.aspx?playerId=56628
55427,강민성,SS,삼성 라이온즈,타자,https://www.koreabaseball.com/Futures/Player/HitterDetail.aspx?playerId=55427
74540,강민호,SS,삼성 라이온즈,타자,https://www.koreabaseball.com/Record/Player/HitterDetail/Basic.aspx?playerId=74540
53460,강준서,SS,삼성 라이온즈,타자,https://www.koreabaseball.com/Futures/Player/HitterDetail.aspx?playerId=53460
62404,구자욱,SS,삼성 라이온즈,타자,https://www.koreabaseball.com/Record/Player/HitterDetail/Basic.aspx?playerId=62404
55441,권현우,SS,삼성 라이온즈,투수,https://www.koreabaseball.com/Futures/Player/PitcherDetail.aspx?playerId=55441
54401,김대호,SS,삼성 라이온즈,투수,https://www.koreabaseball.com/Record/Player/PitcherDetail/Basic.aspx?playerId=54401
69442,김도환,SS,삼성 라이온즈,타자,https://www.koreabaseball.com/Record/Player/HitterDetail/Basic.aspx?playerId=69442
54402,김동현,SS,삼성 라이온즈,투수,https://www.koreabaseball.com/Futures/Player/PitcherDetail.aspx?playerId=54402
68403,김무신,SS,삼성 라이온즈,투수,https://www.koreabaseball.com/Record/Player/PitcherDetail/Basic.aspx?playerId=68403
55420,김백산,SS,삼성 라이온즈,투수,https://www.koreabaseball.com/Futures/Player/PitcherDetail.aspx?playerId=55420
52402,김상민,SS,삼성 라이온즈,타자,https://www.koreabaseball.com/Futures/Player/HitterDetail.aspx?playerId=52402
55425,김상준,SS,삼성 라이온즈,타자,https://www.koreabaseball.com/Futures/Player/HitterDetail.aspx?playerId=55425
56467,김상호,SS,삼성 라이온즈,투수,https://www.koreabaseball.com/Record/Player/PitcherDetail/Basic.aspx?playerId=56467
54403,김성경,SS,삼성 라이온즈,투수,https://www.koreabaseball.com/Futures/Player/PitcherDetail.aspx?playerId=54403
67449,김성윤,SS,삼성 라이온즈,타자,https://www.koreabaseball.com/Record/Player/HitterDetail/Basic.aspx?playerId=67449
53464,김시온,SS,삼성 라이온즈,투수,https://www.koreabaseball.com/Futures/Player/PitcherDetail.aspx?playerId=53464
52430,김영웅,SS,삼성 라이온즈,타자,https://www.koreabaseball.com/Record/Player/HitterDetail/Basic.aspx?playerId=52430
55429,김유현,SS,삼성 라이온즈,투수,https://www.koreabaseball.com/Futures/Player/PitcherDetail.aspx?playerId=55429
53400,김재상,SS,삼성 라이온즈,타자,https://www.koreabaseball.com/Record/Player/HitterDetail/Basic.aspx?playerId=53400
65132,김재성,SS,삼성 라이온즈,타자,https://www.koreabaseball.com/Record/Player/HitterDetail/Basic.aspx?playerId=65132
65062,김재윤,SS,삼성 라이온즈,투수,https://www.koreabaseball.com/Record/Player/PitcherDetail/Basic.aspx?playerId=65062
52424,김재혁,SS,삼성 라이온즈,타자,https://www.koreabaseball.com/Record/Player/HitterDetail/Basic.aspx?playerId=52424
50458,김지찬,SS,삼성 라이온즈,타자,https://www.koreabaseball.com/Record/Player/HitterDetail/Basic.aspx?playerId=50458
62360,김태훈,SS,삼성 라이온즈,투수,https://www.koreabaseball.com/Record/Player/PitcherDetail/Basic.aspx?playerId=62360
65040,김태훈,SS,삼성 라이온즈,타자,https://www.koreabaseball.com/Record/Player/HitterDetail/Basic.aspx?playerId=65040
61404,김헌곤,SS,삼성 라이온즈,타자,https://www.koreabaseball.com/Record/Player/HitterDetail/Basic.aspx?playerId=61404
54400,디아즈,SS,삼성 라이온즈,타자,https://www.koreabaseball.com/Record/Player/HitterDetail/Basic.aspx?playerId=54400
53404,류승민,SS,삼성 라이온즈,타자,https://www.koreabaseball.com/Record/Player/HitterDetail/Basic.aspx?playerId=53404
62234,류지혁,SS,삼성 라이온즈,타자,https://www.koreabaseball.com/Record/Player/HitterDetail/Basic.aspx?playerId=62234
56409,매닝,SS,삼성 라이온즈,투수,https://www.koreabaseball.com/Record/Player/PitcherDetail/Basic.aspx?playerId=56409
56415,미야지,SS,삼성 라이온즈,투수,https://www.koreabaseball.com/Record/Player/PitcherDetail/Basic.aspx?playerId=56415
62244,박세혁,SS,삼성 라이온즈,타자,https://www.koreabaseball.com/Record/Player/HitterDetail/Basic.aspx?playerId=62244
69418,박승규,SS,삼성 라이온즈,타자,https://www.koreabaseball.com/Record/Player/HitterDetail/Basic.aspx?playerId=69418
56468,박용재,SS,삼성 라이온즈,투수,https://www.koreabaseball.com/Record/Player/PitcherDetail/Basic.aspx?playerId=56468
53416,박장민,SS,삼성 라이온즈,타자,https://www.koreabaseball.com/Futures/Player/HitterDetail.aspx?playerId=53416
56438,박주영,SS,삼성 라이온즈,투수,https://www.koreabaseball.com/Futures/Player/PitcherDetail.aspx?playerId=56438
50411,박주혁,SS,삼성 라이온즈,투수,https://www.koreabaseball.com/Futures/Player/PitcherDetail.aspx?playerId=50411
53411,박진우,SS,삼성 라이온즈,타자,https://www.koreabaseball.com/Record/Player/HitterDetail/Basic.aspx?playerId=53411
55455,배찬승,SS,삼성 라이온즈,투수,https://www.koreabaseball.com/Record/Player/PitcherDetail/Basic.aspx?playerId=55455
77446,백정현,SS,삼성 라이온즈,투수,https://www.koreabaseball.com/Record/Player/PitcherDetail/Basic.aspx?playerId=77446
56439,석예헌,SS,삼성 라이온즈,투수,https://www.koreabaseball.com/Futures/Player/PitcherDetail.aspx?playerId=56439
53415,신윤호,SS,삼성 라이온즈,투수,https://www.koreabaseball.com/Futures/Player/PitcherDetail.aspx?playerId=53415
52440,신정환,SS,삼성 라이온즈,투수,https://www.koreabaseball.com/Futures/Player/PitcherDetail.aspx?playerId=52440
55438,심재훈,SS,삼성 라이온즈,타자,https://www.koreabaseball.com/Record/Player/HitterDetail/Basic.aspx?playerId=55438
56442,안민성,SS,삼성 라이온즈,타자,https://www.koreabaseball.com/Futures/Player/HitterDetail.aspx?playerId=56442
69403,양우현,SS,삼성 라이온즈,타자,https://www.koreabaseball.com/Record/Player/HitterDetail/Basic.aspx?playerId=69403
68415,양창섭,SS,삼성 라이온즈,투수,https://www.koreabaseball.com/Record/Player/PitcherDetail/Basic.aspx?playerId=68415
61268,양현,SS,삼성 라이온즈,투수,https://www.koreabaseball.com/Record/Player/PitcherDetail/Basic.aspx?playerId=61268
56414,어윤성,SS,삼성 라이온즈,투수,https://www.koreabaseball.com/Futures/Player/PitcherDetail.aspx?playerId=56414
55428,우승완,SS,삼성 라이온즈,투수,https://www.koreabaseball.com/Futures/Player/PitcherDetail.aspx?playerId=55428
69446,원태인,SS,삼성 라이온즈,투수,https://www.koreabaseball.com/Record/Player/PitcherDetail/Basic.aspx?playerId=69446
54404,육선엽,SS,삼성 라이온즈,투수,https://www.koreabaseball.com/Record/Player/PitcherDetail/Basic.aspx?playerId=54404
68463,윤정빈,SS,삼성 라이온즈,타자,https://www.koreabaseball.com/Record/Player/HitterDetail/Basic.aspx?playerId=68463
69428,이병헌,SS,삼성 라이온즈,타자,https://www.koreabaseball.com/Record/Player/HitterDetail/Basic.aspx?playerId=69428
56433,이서준,SS,삼성 라이온즈,투수,https://www.koreabaseball.com/Futures/Player/PitcherDetail.aspx?playerId=56433
56434,이서준,SS,삼성 라이온즈,타자,https://www.koreabaseball.com/Futures/Player/HitterDetail.aspx?playerId=56434
66409,이성규,SS,삼성 라이온즈,타자,https://www.koreabaseball.com/Record/Player/HitterDetail/Basic.aspx?playerId=66409
50464,이승민,SS,삼성 라이온즈,투수,https://www.koreabaseball.com/Record/Player/PitcherDetail/Basic.aspx?playerId=50464
60146,이승현,SS,삼성 라이온즈,투수,https://www.koreabaseball.com/Record/Player/PitcherDetail/Basic.aspx?playerId=60146
51454,이승현,SS,삼성 라이온즈,투수,https://www.koreabaseball.com/Record/Player/PitcherDetail/Basic.aspx?playerId=51454
63492,이재익,SS,삼성 라이온즈,투수,https://www.koreabaseball.com/Record/Player/PitcherDetail/Basic.aspx?playerId=63492
52415,이재현,SS,삼성 라이온즈,타자,https://www.koreabaseball.com/Record/Player/HitterDetail/Basic.aspx?playerId=52415
51460,이재희,SS,삼성 라이온즈,투수,https://www.koreabaseball.com/Record/Player/PitcherDetail/Basic.aspx?playerId=51460
55417,이진용,SS,삼성 라이온즈,타자,https://www.koreabaseball.com/Futures/Player/HitterDetail.aspx?playerId=55417
51407,이창용,SS,삼성 라이온즈,타자,https://www.koreabaseball.com/Record/Player/HitterDetail/Basic.aspx?playerId=51407
56443,이한민,SS,삼성 라이온즈,타자,https://www.koreabaseball.com/Futures/Player/HitterDetail.aspx?playerId=56443
69416,이해승,SS,삼성 라이온즈,타자,https://www.koreabaseball.com/Record/Player/HitterDetail/Basic.aspx?playerId=69416
56441,이호범,SS,삼성 라이온즈,투수,https://www.koreabaseball.com/Record/Player/PitcherDetail/Basic.aspx?playerId=56441
53455,이호성,SS,삼성 라이온즈,투수,https://www.koreabaseball.com/Record/Player/PitcherDetail/Basic.aspx?playerId=53455
62754,임기영,SS,삼성 라이온즈,투수,https://www.koreabaseball.com/Record/Player/PitcherDetail/Basic.aspx?playerId=62754
56435,임주찬,SS,삼성 라이온즈,타자,https://www.koreabaseball.com/Futures/Player/HitterDetail.aspx?playerId=56435
63202,장승현,SS,삼성 라이온즈,타자,https://www.koreabaseball.com/Record/Player/HitterDetail/Basic.aspx?playerId=63202
56460,장찬희,SS,삼성 라이온즈,투수,https://www.koreabaseball.com/Record/Player/PitcherDetail/Basic.aspx?playerId=56460
65586,전병우,SS,삼성 라이온즈,타자,https://www.koreabaseball.com/Record/Player/HitterDetail/Basic.aspx?playerId=65586
54467,정민성,SS,삼성 라이온즈,투수,https://www.koreabaseball.com/Record/Player/PitcherDetail/Basic.aspx?playerId=54467
56469,정재훈,SS,삼성 라이온즈,투수,https://www.koreabaseball.com/Record/Player/PitcherDetail/Basic.aspx?playerId=56469
52405,조민성,SS,삼성 라이온즈,타자,https://www.koreabaseball.com/Futures/Player/HitterDetail.aspx?playerId=52405
56444,조세익,SS,삼성 라이온즈,타자,https://www.koreabaseball.com/Futures/Player/HitterDetail.aspx?playerId=56444
55415,진희성,SS,삼성 라이온즈,투수,https://www.koreabaseball.com/Futures/Player/PitcherDetail.aspx?playerId=55415
52400,차동영,SS,삼성 라이온즈,타자,https://www.koreabaseball.com/Futures/Player/HitterDetail.aspx?playerId=52400
55435,차승준,SS,삼성 라이온즈,타자,https://www.koreabaseball.com/Record/Player/HitterDetail/Basic.aspx?playerId=55435
55414,천겸,SS,삼성 라이온즈,투수,https://www.koreabaseball.com/Futures/Player/PitcherDetail.aspx?playerId=55414
55419,최예한,SS,삼성 라이온즈,투수,https://www.koreabaseball.com/Futures/Player/PitcherDetail.aspx?playerId=55419
65320,최원태,SS,삼성 라이온즈,투수,https://www.koreabaseball.com/Record/Player/PitcherDetail/Basic.aspx?playerId=65320
67421,최지광,SS,삼성 라이온즈,투수,https://www.koreabaseball.com/Record/Player/PitcherDetail/Basic.aspx?playerId=67421
68501,최하늘,SS,삼성 라이온즈,투수,https://www.koreabaseball.com/Record/Player/PitcherDetail/Basic.aspx?playerId=68501
72443,최형우,SS,삼성 라이온즈,타자,https://www.koreabaseball.com/Record/Player/HitterDetail/Basic.aspx?playerId=72443
56436,한수동,SS,삼성 라이온즈,투수,https://www.koreabaseball.com/Futures/Player/PitcherDetail.aspx?playerId=56436
55440,함수호,SS,삼성 라이온즈,타자,https://www.koreabaseball.com/Record/Player/HitterDetail/Basic.aspx?playerId=55440
50449,허윤동,SS,삼성 라이온즈,투수,https://www.koreabaseball.com/Futures/Player/PitcherDetail.aspx?playerId=50449
51408,홍승원,SS,삼성 라이온즈,투수,https://www.koreabaseball.com/Futures/Player/PitcherDetail.aspx?playerId=51408
50430,홍원표,SS,삼성 라이온즈,투수,https://www.koreabaseball.com/Record/Player/PitcherDetail/Basic.aspx?playerId=50430
55412,홍준영,SS,삼성 라이온즈,투수,https://www.koreabaseball.com/Futures/Player/PitcherDetail.aspx?playerId=55412
67005,홍현빈,SS,삼성 라이온즈,타자,https://www.koreabaseball.com/Record/Player/HitterDetail/Basic.aspx?playerId=67005
56437,황정현,SS,삼성 라이온즈,투수,https://www.koreabaseball.com/Futures/Player/PitcherDetail.aspx?playerId=56437
53375,후라도,SS,삼성 라이온즈,투수,https://www.koreabaseball.com/Record/Player/PitcherDetail/Basic.aspx?playerId=53375
53103,강민균,LG,LG 트윈스,타자,https://www.koreabaseball.com/Futures/Player/HitterDetail.aspx?playerId=53103
56102,강민기,LG,LG 트윈스,타자,https://www.koreabaseball.com/Futures/Player/HitterDetail.aspx?playerId=56102
53104,곽민호,LG,LG 트윈스,타자,https://www.koreabaseball.com/Futures/Player/HitterDetail.aspx?playerId=53104
69100,구본혁,LG,LG 트윈스,타자,https://www.koreabaseball.com/Record/Player/HitterDetail/Basic.aspx?playerId=69100
53168,권동혁,LG,LG 트윈스,타자,https://www.koreabaseball.com/Futures/Player/HitterDetail.aspx?playerId=53168
56149,권우준,LG,LG 트윈스,투수,https://www.koreabaseball.com/Record/Player/PitcherDetail/Basic.aspx?playerId=56149
77263,김강률,LG,LG 트윈스,투수,https://www.koreabaseball.com/Record/Player/PitcherDetail/Basic.aspx?playerId=77263
66145,김대현,LG,LG 트윈스,투수,https://www.koreabaseball.com/Record/Player/PitcherDetail/Basic.aspx?playerId=66145
56143,김동현,LG,LG 트윈스,투수,https://www.koreabaseball.com/Record/Player/PitcherDetail/Basic.aspx?playerId=56143
64793,김민수,LG,LG 트윈스,타자,https://www.koreabaseball.com/Record/Player/HitterDetail/Basic.aspx?playerId=64793
69105,김성진,LG,LG 트윈스,타자,https://www.koreabaseball.com/Record/Player/HitterDetail/Basic.aspx?playerId=69105
55167,김영우,LG,LG 트윈스,투수,https://www.koreabaseball.com/Record/Player/PitcherDetail/Basic.aspx?playerId=55167
64596,김유영,LG,LG 트윈스,투수,https://www.koreabaseball.com/Record/Player/PitcherDetail/Basic.aspx?playerId=64596
67504,김정율,LG,LG 트윈스,타자,https://www.koreabaseball.com/Record/Player/HitterDetail/Basic.aspx?playerId=67504
55122,김종운,LG,LG 트윈스,투수,https://www.koreabaseball.com/Futures/Player/PitcherDetail.aspx?playerId=55122
66162,김주성,LG,LG 트윈스,타자,https://www.koreabaseball.com/Record/Player/HitterDetail/Basic.aspx?playerId=66162
65411,김주온,LG,LG 트윈스,투수,https://www.koreabaseball.com/Record/Player/PitcherDetail/Basic.aspx?playerId=65411
62558,김준태,LG,LG 트윈스,타자,https://www.koreabaseball.com/Record/Player/HitterDetail/Basic.aspx?playerId=62558
51104,김지용,LG,LG 트윈스,투수,https://www.koreabaseball.com/Futures/Player/PitcherDetail.aspx?playerId=51104
75867,김진성,LG,LG 트윈스,투수,https://www.koreabaseball.com/Record/Player/PitcherDetail/Basic.aspx?playerId=75867
51154,김진수,LG,LG 트윈스,투수,https://www.koreabaseball.com/Record/Player/PitcherDetail/Basic.aspx?playerId=51154
54166,김현종,LG,LG 트윈스,타자,https://www.koreabaseball.com/Record/Player/HitterDetail/Basic.aspx?playerId=54166
69102,문보경,LG,LG 트윈스,타자,https://www.koreabaseball.com/Record/Player/HitterDetail/Basic.aspx?playerId=69102
68119,문성주,LG,LG 트윈스,타자,https://www.koreabaseball.com/Record/Player/HitterDetail/Basic.aspx?playerId=68119
52121,문정빈,LG,LG 트윈스,타자,https://www.koreabaseball.com/Record/Player/HitterDetail/Basic.aspx?playerId=52121
55164,박관우,LG,LG 트윈스,타자,https://www.koreabaseball.com/Record/Player/HitterDetail/Basic.aspx?playerId=55164
79365,박동원,LG,LG 트윈스,타자,https://www.koreabaseball.com/Record/Player/HitterDetail/Basic.aspx?playerId=79365
53139,박명근,LG,LG 트윈스,투수,https://www.koreabaseball.com/Record/Player/PitcherDetail/Basic.aspx?playerId=53139
56114,박성진,LG,LG 트윈스,투수,https://www.koreabaseball.com/Futures/Player/PitcherDetail.aspx?playerId=56114
55121,박시원,LG,LG 트윈스,투수,https://www.koreabaseball.com/Record/Player/PitcherDetail/Basic.aspx?playerId=55121
56112,박준기,LG,LG 트윈스,타자,https://www.koreabaseball.com/Futures/Player/HitterDetail.aspx?playerId=56112
56159,박준성,LG,LG 트윈스,투수,https://www.koreabaseball.com/Record/Player/PitcherDetail/Basic.aspx?playerId=56159
62415,박해민,LG,LG 트윈스,타자,https://www.koreabaseball.com/Record/Player/HitterDetail/Basic.aspx?playerId=62415
56108,박현우,LG,LG 트윈스,타자,https://www.koreabaseball.com/Futures/Player/HitterDetail.aspx?playerId=56108
63145,배재준,LG,LG 트윈스,투수,https://www.koreabaseball.com/Record/Player/PitcherDetail/Basic.aspx?playerId=63145
65109,백승현,LG,LG 트윈스,투수,https://www.koreabaseball.com/Record/Player/PitcherDetail/Basic.aspx?playerId=65109
55160,서영준,LG,LG 트윈스,타자,https://www.koreabaseball.com/Record/Player/HitterDetail/Basic.aspx?playerId=55160
68159,성동현,LG,LG 트윈스,투수,https://www.koreabaseball.com/Record/Player/PitcherDetail/Basic.aspx?playerId=68159
55118,성준서,LG,LG 트윈스,투수,https://www.koreabaseball.com/Futures/Player/PitcherDetail.aspx?playerId=55118
54156,손용준,LG,LG 트윈스,타자,https://www.koreabaseball.com/Record/Player/HitterDetail/Basic.aspx?playerId=54156
67143,손주영,LG,LG 트윈스,투수,https://www.koreabaseball.com/Record/Player/PitcherDetail/Basic.aspx?playerId=67143
53105,송대현,LG,LG 트윈스,타자,https://www.koreabaseball.com/Futures/Player/HitterDetail.aspx?playerId=53105
51111,송승기,LG,LG 트윈스,투수,https://www.koreabaseball.com/Record/Player/PitcherDetail/Basic.aspx?playerId=51111
68110,송찬의,LG,LG 트윈스,타자,https://www.koreabaseball.com/Record/Player/HitterDetail/Basic.aspx?playerId=68110
65207,신민재,LG,LG 트윈스,타자,https://www.koreabaseball.com/Record/Player/HitterDetail/Basic.aspx?playerId=65207
55109,안시후,LG,LG 트윈스,투수,https://www.koreabaseball.com/Futures/Player/PitcherDetail.aspx?playerId=55109
56165,양우진,LG,LG 트윈스,투수,https://www.koreabaseball.com/Record/Player/PitcherDetail/Basic.aspx?playerId=56165
52123,양진혁,LG,LG 트윈스,투수,https://www.koreabaseball.com/Futures/Player/PitcherDetail.aspx?playerId=52123
52124,엄태경,LG,LG 트윈스,타자,https://www.koreabaseball.com/Futures/Player/HitterDetail.aspx?playerId=52124
53123,오스틴,LG,LG 트윈스,타자,https://www.koreabaseball.com/Record/Player/HitterDetail/Basic.aspx?playerId=53123
79109,오지환,LG,LG 트윈스,타자,https://www.koreabaseball.com/Record/Player/HitterDetail/Basic.aspx?playerId=79109
51526,우강훈,LG,LG 트윈스,투수,https://www.koreabaseball.com/Record/Player/PitcherDetail/Basic.aspx?playerId=51526
56169,우명현,LG,LG 트윈스,투수,https://www.koreabaseball.com/Record/Player/PitcherDetail/Basic.aspx?playerId=56169
55111,우정안,LG,LG 트윈스,타자,https://www.koreabaseball.com/Futures/Player/HitterDetail.aspx?playerId=55111
53101,원상훈,LG,LG 트윈스,투수,https://www.koreabaseball.com/Futures/Player/PitcherDetail.aspx?playerId=53101
55348,웰스,LG,LG 트윈스,투수,https://www.koreabaseball.com/Record/Player/PitcherDetail/Basic.aspx?playerId=55348
50106,유영찬,LG,LG 트윈스,투수,https://www.koreabaseball.com/Record/Player/PitcherDetail/Basic.aspx?playerId=50106
56113,윤형민,LG,LG 트윈스,투수,https://www.koreabaseball.com/Futures/Player/PitcherDetail.aspx?playerId=56113
50126,이민호,LG,LG 트윈스,투수,https://www.koreabaseball.com/Record/Player/PitcherDetail/Basic.aspx?playerId=50126
51110,이믿음,LG,LG 트윈스,투수,https://www.koreabaseball.com/Futures/Player/PitcherDetail.aspx?playerId=51110
69168,이상영,LG,LG 트윈스,투수,https://www.koreabaseball.com/Futures/Player/PitcherDetail.aspx?playerId=69168
51100,이영빈,LG,LG 트윈스,타자,https://www.koreabaseball.com/Record/Player/HitterDetail/Basic.aspx?playerId=51100
61145,이우찬,LG,LG 트윈스,투수,https://www.koreabaseball.com/Record/Player/PitcherDetail/Basic.aspx?playerId=61145
68106,이재원,LG,LG 트윈스,타자,https://www.koreabaseball.com/Record/Player/HitterDetail/Basic.aspx?playerId=68106
69134,이정용,LG,LG 트윈스,투수,https://www.koreabaseball.com/Record/Player/PitcherDetail/Basic.aspx?playerId=69134
96153,이정준,LG,LG 트윈스,타자,https://www.koreabaseball.com/Record/Player/HitterDetail/Basic.aspx?playerId=96153
50904,이종준,LG,LG 트윈스,투수,https://www.koreabaseball.com/Futures/Player/PitcherDetail.aspx?playerId=50904
52154,이주헌,LG,LG 트윈스,타자,https://www.koreabaseball.com/Record/Player/HitterDetail/Basic.aspx?playerId=52154
53160,이준서,LG,LG 트윈스,타자,https://www.koreabaseball.com/Futures/Player/HitterDetail.aspx?playerId=53160
69108,이지강,LG,LG 트윈스,투수,https://www.koreabaseball.com/Record/Player/PitcherDetail/Basic.aspx?playerId=69108
56111,이지백,LG,LG 트윈스,타자,https://www.koreabaseball.com/Futures/Player/HitterDetail.aspx?playerId=56111
55165,이태훈,LG,LG 트윈스,타자,https://www.koreabaseball.com/Futures/Player/HitterDetail.aspx?playerId=55165
55100,이한림,LG,LG 트윈스,타자,https://www.koreabaseball.com/Futures/Player/HitterDetail.aspx?playerId=55100
53100,임정균,LG,LG 트윈스,투수,https://www.koreabaseball.com/Futures/Player/PitcherDetail.aspx?playerId=53100
61101,임찬규,LG,LG 트윈스,투수,https://www.koreabaseball.com/Record/Player/PitcherDetail/Basic.aspx?playerId=61101
77318,장시환,LG,LG 트윈스,투수,https://www.koreabaseball.com/Record/Player/PitcherDetail/Basic.aspx?playerId=77318
63950,장현식,LG,LG 트윈스,투수,https://www.koreabaseball.com/Record/Player/PitcherDetail/Basic.aspx?playerId=63950
68869,전경원,LG,LG 트윈스,타자,https://www.koreabaseball.com/Futures/Player/HitterDetail.aspx?playerId=68869
69159,정우영,LG,LG 트윈스,투수,https://www.koreabaseball.com/Record/Player/PitcherDetail/Basic.aspx?playerId=69159
51163,조건희,LG,LG 트윈스,투수,https://www.koreabaseball.com/Record/Player/PitcherDetail/Basic.aspx?playerId=51163
52149,조원태,LG,LG 트윈스,투수,https://www.koreabaseball.com/Record/Player/PitcherDetail/Basic.aspx?playerId=52149
56107,주정환,LG,LG 트윈스,타자,https://www.koreabaseball.com/Futures/Player/HitterDetail.aspx?playerId=56107
54148,진우영,LG,LG 트윈스,투수,https://www.koreabaseball.com/Futures/Player/PitcherDetail.aspx?playerId=54148
50054,천성호,LG,LG 트윈스,타자,https://www.koreabaseball.com/Record/Player/HitterDetail/Basic.aspx?playerId=50054
52103,최원영,LG,LG 트윈스,타자,https://www.koreabaseball.com/Record/Player/HitterDetail/Basic.aspx?playerId=52103
68419,최지명,LG,LG 트윈스,투수,https://www.koreabaseball.com/Record/Player/PitcherDetail/Basic.aspx?playerId=68419
55163,추세현,LG,LG 트윈스,타자,https://www.koreabaseball.com/Record/Player/HitterDetail/Basic.aspx?playerId=55163
55146,치리노스,LG,LG 트윈스,투수,https://www.koreabaseball.com/Record/Player/PitcherDetail/Basic.aspx?playerId=55146
55130,톨허스트,LG,LG 트윈스,투수,https://www.koreabaseball.com/Record/Player/PitcherDetail/Basic.aspx?playerId=55130
50107,하현규,LG,LG 트윈스,투수,https://www.koreabaseball.com/Futures/Player/PitcherDetail.aspx?playerId=50107
63248,함덕주,LG,LG 트윈스,투수,https://www.koreabaseball.com/Record/Player/PitcherDetail/Basic.aspx?playerId=63248
50108,함창건,LG,LG 트윈스,타자,https://www.koreabaseball.com/Record/Player/HitterDetail/Basic.aspx?playerId=50108
52119,허준혁,LG,LG 트윈스,투수,https://www.koreabaseball.com/Futures/Player/PitcherDetail.aspx?playerId=52119
66108,홍창기,LG,LG 트윈스,타자,https://www.koreabaseball.com/Record/Player/HitterDetail/Basic.aspx?playerId=66108
51868,고명준,SK,SSG 랜더스,타자,https://www.koreabaseball.com/Record/Player/HitterDetail/Basic.aspx?playerId=51868
51867,김건우,SK,SSG 랜더스,투수,https://www.koreabaseball.com/Record/Player/PitcherDetail/Basic.aspx?playerId=51867
77829,김광현,SK,SSG 랜더스,투수,https://www.koreabaseball.com/Record/Player/PitcherDetail/Basic.aspx?playerId=77829
54810,김규민,SK,SSG 랜더스,타자,https://www.koreabaseball.com/Record/Player/HitterDetail/Basic.aspx?playerId=54810
52844,김도현,SK,SSG 랜더스,투수,https://www.koreabaseball.com/Futures/Player/PitcherDetail.aspx?playerId=52844
68043,김민,SK,SSG 랜더스,투수,https://www.koreabaseball.com/Record/Player/PitcherDetail/Basic.aspx?playerId=68043
56815,김민범,SK,SSG 랜더스,타자,https://www.koreabaseball.com/Futures/Player/HitterDetail.aspx?playerId=56815
62864,김민식,SK,SSG 랜더스,타자,https://www.koreabaseball.com/Record/Player/HitterDetail/Basic.aspx?playerId=62864
56840,김민준,SK,SSG 랜더스,투수,https://www.koreabaseball.com/Record/Player/PitcherDetail/Basic.aspx?playerId=56840
53893,김민준,SK,SSG 랜더스,타자,https://www.koreabaseball.com/Record/Player/HitterDetail/Basic.aspx?playerId=53893
50848,김성민,SK,SSG 랜더스,투수,https://www.koreabaseball.com/Record/Player/PitcherDetail/Basic.aspx?playerId=50848
62934,김성욱,SK,SSG 랜더스,타자,https://www.koreabaseball.com/Record/Player/HitterDetail/Basic.aspx?playerId=62934
76802,김성현,SK,SSG 랜더스,타자,https://www.koreabaseball.com/Record/Player/HitterDetail/Basic.aspx?playerId=76802
67900,김수윤,SK,SSG 랜더스,타자,https://www.koreabaseball.com/Record/Player/HitterDetail/Basic.aspx?playerId=67900
56846,김요셉,SK,SSG 랜더스,타자,https://www.koreabaseball.com/Record/Player/HitterDetail/Basic.aspx?playerId=56846
78224,김재환,SK,SSG 랜더스,타자,https://www.koreabaseball.com/Record/Player/HitterDetail/Basic.aspx?playerId=78224
56810,김재훈,SK,SSG 랜더스,투수,https://www.koreabaseball.com/Futures/Player/PitcherDetail.aspx?playerId=56810
53865,김정민,SK,SSG 랜더스,타자,https://www.koreabaseball.com/Futures/Player/HitterDetail.aspx?playerId=53865
56814,김준모,SK,SSG 랜더스,투수,https://www.koreabaseball.com/Futures/Player/PitcherDetail.aspx?playerId=56814
53805,김준영,SK,SSG 랜더스,투수,https://www.koreabaseball.com/Futures/Player/PitcherDetail.aspx?playerId=53805
69825,김창평,SK,SSG 랜더스,타자,https://www.koreabaseball.com/Record/Player/HitterDetail/Basic.aspx?playerId=69825
52803,김태윤,SK,SSG 랜더스,타자,https://www.koreabaseball.com/Record/Player/HitterDetail/Basic.aspx?playerId=52803
56809,김태현,SK,SSG 랜더스,투수,https://www.koreabaseball.com/Futures/Player/PitcherDetail.aspx?playerId=56809
65343,김택형,SK,SSG 랜더스,투수,https://www.koreabaseball.com/Record/Player/PitcherDetail/Basic.aspx?playerId=65343
55895,김현재,SK,SSG 랜더스,투수,https://www.koreabaseball.com/Futures/Player/PitcherDetail.aspx?playerId=55895
73211,노경은,SK,SSG 랜더스,투수,https://www.koreabaseball.com/Record/Player/PitcherDetail/Basic.aspx?playerId=73211
53806,류현곤,SK,SSG 랜더스,투수,https://www.koreabaseball.com/Futures/Player/PitcherDetail.aspx?playerId=53806
50868,류효승,SK,SSG 랜더스,타자,https://www.koreabaseball.com/Record/Player/HitterDetail/Basic.aspx?playerId=50868
50007,문상준,SK,SSG 랜더스,타자,https://www.koreabaseball.com/Record/Player/HitterDetail/Basic.aspx?playerId=50007
62869,문승원,SK,SSG 랜더스,투수,https://www.koreabaseball.com/Record/Player/PitcherDetail/Basic.aspx?playerId=62869
54802,박기호,SK,SSG 랜더스,투수,https://www.koreabaseball.com/Record/Player/PitcherDetail/Basic.aspx?playerId=54802
50592,박명현,SK,SSG 랜더스,타자,https://www.koreabaseball.com/Futures/Player/HitterDetail.aspx?playerId=50592
52864,박상후,SK,SSG 랜더스,투수,https://www.koreabaseball.com/Futures/Player/PitcherDetail.aspx?playerId=52864
67893,박성한,SK,SSG 랜더스,타자,https://www.koreabaseball.com/Record/Player/HitterDetail/Basic.aspx?playerId=67893
53800,박세직,SK,SSG 랜더스,타자,https://www.koreabaseball.com/Futures/Player/HitterDetail.aspx?playerId=53800
50812,박시후,SK,SSG 랜더스,투수,https://www.koreabaseball.com/Record/Player/PitcherDetail/Basic.aspx?playerId=50812
51860,박정빈,SK,SSG 랜더스,타자,https://www.koreabaseball.com/Futures/Player/HitterDetail.aspx?playerId=51860
60841,박종훈,SK,SSG 랜더스,투수,https://www.koreabaseball.com/Record/Player/PitcherDetail/Basic.aspx?playerId=60841
54805,박지환,SK,SSG 랜더스,타자,https://www.koreabaseball.com/Record/Player/HitterDetail/Basic.aspx?playerId=54805
69839,백승건,SK,SSG 랜더스,투수,https://www.koreabaseball.com/Record/Player/PitcherDetail/Basic.aspx?playerId=69839
56841,베니지아노,SK,SSG 랜더스,투수,https://www.koreabaseball.com/Record/Player/PitcherDetail/Basic.aspx?playerId=56841
54808,변건우,SK,SSG 랜더스,투수,https://www.koreabaseball.com/Futures/Player/PitcherDetail.aspx?playerId=54808
61895,서진용,SK,SSG 랜더스,투수,https://www.koreabaseball.com/Record/Player/PitcherDetail/Basic.aspx?playerId=61895
52804,석정우,SK,SSG 랜더스,타자,https://www.koreabaseball.com/Record/Player/HitterDetail/Basic.aspx?playerId=52804
53898,송영진,SK,SSG 랜더스,투수,https://www.koreabaseball.com/Record/Player/PitcherDetail/Basic.aspx?playerId=53898
66662,신범수,SK,SSG 랜더스,타자,https://www.koreabaseball.com/Record/Player/HitterDetail/Basic.aspx?playerId=66662
56808,신상연,SK,SSG 랜더스,투수,https://www.koreabaseball.com/Futures/Player/PitcherDetail.aspx?playerId=56808
55860,신지환,SK,SSG 랜더스,투수,https://www.koreabaseball.com/Record/Player/PitcherDetail/Basic.aspx?playerId=55860
66864,안상현,SK,SSG 랜더스,타자,https://www.koreabaseball.com/Record/Player/HitterDetail/Basic.aspx?playerId=66864
56811,안재연,SK,SSG 랜더스,타자,https://www.koreabaseball.com/Futures/Player/HitterDetail.aspx?playerId=56811
53827,에레디아,SK,SSG 랜더스,타자,https://www.koreabaseball.com/Record/Player/HitterDetail/Basic.aspx?playerId=53827
56807,오시후,SK,SSG 랜더스,타자,https://www.koreabaseball.com/Futures/Player/HitterDetail.aspx?playerId=56807
60558,오태곤,SK,SSG 랜더스,타자,https://www.koreabaseball.com/Record/Player/HitterDetail/Basic.aspx?playerId=60558
54809,윤성보,SK,SSG 랜더스,투수,https://www.koreabaseball.com/Futures/Player/PitcherDetail.aspx?playerId=54809
52867,윤태현,SK,SSG 랜더스,투수,https://www.koreabaseball.com/Record/Player/PitcherDetail/Basic.aspx?playerId=52867
64861,이건욱,SK,SSG 랜더스,투수,https://www.koreabaseball.com/Record/Player/PitcherDetail/Basic.aspx?playerId=64861
52868,이기순,SK,SSG 랜더스,투수,https://www.koreabaseball.com/Record/Player/PitcherDetail/Basic.aspx?playerId=52868
55896,이도우,SK,SSG 랜더스,투수,https://www.koreabaseball.com/Futures/Player/PitcherDetail.aspx?playerId=55896
53892,이로운,SK,SSG 랜더스,투수,https://www.koreabaseball.com/Record/Player/PitcherDetail/Basic.aspx?playerId=53892
54806,이승민,SK,SSG 랜더스,타자,https://www.koreabaseball.com/Record/Player/HitterDetail/Basic.aspx?playerId=54806
56806,이승빈,SK,SSG 랜더스,타자,https://www.koreabaseball.com/Futures/Player/HitterDetail.aspx?playerId=56806
55893,이원준,SK,SSG 랜더스,타자,https://www.koreabaseball.com/Futures/Player/HitterDetail.aspx?playerId=55893
55832,이율예,SK,SSG 랜더스,타자,https://www.koreabaseball.com/Record/Player/HitterDetail/Basic.aspx?playerId=55832
67807,이정범,SK,SSG 랜더스,타자,https://www.koreabaseball.com/Record/Player/HitterDetail/Basic.aspx?playerId=67807
52901,이주형,SK,SSG 랜더스,투수,https://www.koreabaseball.com/Futures/Player/PitcherDetail.aspx?playerId=52901
51702,이준기,SK,SSG 랜더스,투수,https://www.koreabaseball.com/Futures/Player/PitcherDetail.aspx?playerId=51702
79456,이지영,SK,SSG 랜더스,타자,https://www.koreabaseball.com/Record/Player/HitterDetail/Basic.aspx?playerId=79456
52807,임근우,SK,SSG 랜더스,타자,https://www.koreabaseball.com/Record/Player/HitterDetail/Basic.aspx?playerId=52807
56849,장재율,SK,SSG 랜더스,타자,https://www.koreabaseball.com/Record/Player/HitterDetail/Basic.aspx?playerId=56849
51895,장지훈,SK,SSG 랜더스,투수,https://www.koreabaseball.com/Record/Player/PitcherDetail/Basic.aspx?playerId=51895
55899,장현진,SK,SSG 랜더스,타자,https://www.koreabaseball.com/Futures/Player/HitterDetail.aspx?playerId=55899
52809,전영준,SK,SSG 랜더스,투수,https://www.koreabaseball.com/Record/Player/PitcherDetail/Basic.aspx?playerId=52809
66858,정동윤,SK,SSG 랜더스,투수,https://www.koreabaseball.com/Record/Player/PitcherDetail/Basic.aspx?playerId=66858
54812,정준재,SK,SSG 랜더스,타자,https://www.koreabaseball.com/Record/Player/HitterDetail/Basic.aspx?playerId=54812
51897,조병현,SK,SSG 랜더스,투수,https://www.koreabaseball.com/Record/Player/PitcherDetail/Basic.aspx?playerId=51897
51809,조요한,SK,SSG 랜더스,투수,https://www.koreabaseball.com/Record/Player/PitcherDetail/Basic.aspx?playerId=51809
56805,조재우,SK,SSG 랜더스,투수,https://www.koreabaseball.com/Futures/Player/PitcherDetail.aspx?playerId=56805
51865,조형우,SK,SSG 랜더스,타자,https://www.koreabaseball.com/Record/Player/HitterDetail/Basic.aspx?playerId=51865
69804,채현우,SK,SSG 랜더스,타자,https://www.koreabaseball.com/Record/Player/HitterDetail/Basic.aspx?playerId=69804
55890,천범석,SK,SSG 랜더스,투수,https://www.koreabaseball.com/Record/Player/PitcherDetail/Basic.aspx?playerId=55890
68856,최민준,SK,SSG 랜더스,투수,https://www.koreabaseball.com/Record/Player/PitcherDetail/Basic.aspx?playerId=68856
69893,최수호,SK,SSG 랜더스,투수,https://www.koreabaseball.com/Futures/Player/PitcherDetail.aspx?playerId=69893
50650,최용준,SK,SSG 랜더스,투수,https://www.koreabaseball.com/Futures/Player/PitcherDetail.aspx?playerId=50650
55894,최윤석,SK,SSG 랜더스,타자,https://www.koreabaseball.com/Record/Player/HitterDetail/Basic.aspx?playerId=55894
75847,최정,SK,SSG 랜더스,타자,https://www.koreabaseball.com/Record/Player/HitterDetail/Basic.aspx?playerId=75847
68868,최준우,SK,SSG 랜더스,타자,https://www.koreabaseball.com/Record/Player/HitterDetail/Basic.aspx?playerId=68868
50854,최지훈,SK,SSG 랜더스,타자,https://www.koreabaseball.com/Record/Player/HitterDetail/Basic.aspx?playerId=50854
56823,타케다,SK,SSG 랜더스,투수,https://www.koreabaseball.com/Record/Player/PitcherDetail/Basic.aspx?playerId=56823
69813,하재훈,SK,SSG 랜더스,타자,https://www.koreabaseball.com/Record/Player/HitterDetail/Basic.aspx?playerId=69813
68092,한두솔,SK,SSG 랜더스,투수,https://www.koreabaseball.com/Record/Player/PitcherDetail/Basic.aspx?playerId=68092
62895,한유섬,SK,SSG 랜더스,타자,https://www.koreabaseball.com/Record/Player/HitterDetail/Basic.aspx?playerId=62895
55801,한지헌,SK,SSG 랜더스,투수,https://www.koreabaseball.com/Futures/Player/PitcherDetail.aspx?playerId=55801
50840,현원회,SK,SSG 랜더스,타자,https://www.koreabaseball.com/Record/Player/HitterDetail/Basic.aspx?playerId=50840
55897,홍대인,SK,SSG 랜더스,타자,https://www.koreabaseball.com/Record/Player/HitterDetail/Basic.aspx?playerId=55897
55855,화이트,SK,SSG 랜더스,투수,https://www.koreabaseball.com/Record/Player/PitcherDetail/Basic.aspx?playerId=55855
53006,강건,KT,KT 위즈,투수,https://www.koreabaseball.com/Record/Player/PitcherDetail/Basic.aspx?playerId=53006
69064,강민성,KT,KT 위즈,타자,https://www.koreabaseball.com/Record/Player/HitterDetail/Basic.aspx?playerId=69064
50066,강현우,KT,KT 위즈,타자,https://www.koreabaseball.com/Record/Player/HitterDetail/Basic.aspx?playerId=50066
64001,고영표,KT,KT 위즈,투수,https://www.koreabaseball.com/Record/Player/PitcherDetail/Basic.aspx?playerId=64001
56068,고준혁,KT,KT 위즈,투수,https://www.koreabaseball.com/Record/Player/PitcherDetail/Basic.aspx?playerId=56068
51003,권동진,KT,KT 위즈,타자,https://www.koreabaseball.com/Record/Player/HitterDetail/Basic.aspx?playerId=51003
52003,권성준,KT,KT 위즈,투수,https://www.koreabaseball.com/Record/Player/PitcherDetail/Basic.aspx?playerId=52003
56017,권효준,KT,KT 위즈,투수,https://www.koreabaseball.com/Futures/Player/PitcherDetail.aspx?playerId=56017
53049,김건웅,KT,KT 위즈,투수,https://www.koreabaseball.com/Futures/Player/PitcherDetail.aspx?playerId=53049
56097,김건휘,KT,KT 위즈,타자,https://www.koreabaseball.com/Record/Player/HitterDetail/Basic.aspx?playerId=56097
56009,김경환,KT,KT 위즈,타자,https://www.koreabaseball.com/Futures/Player/HitterDetail.aspx?playerId=56009
56016,김규한,KT,KT 위즈,투수,https://www.koreabaseball.com/Futures/Player/PitcherDetail.aspx?playerId=56016
55040,김동현,KT,KT 위즈,투수,https://www.koreabaseball.com/Record/Player/PitcherDetail/Basic.aspx?playerId=55040
54097,김민석,KT,KT 위즈,타자,https://www.koreabaseball.com/Record/Player/HitterDetail/Basic.aspx?playerId=54097
65048,김민수,KT,KT 위즈,투수,https://www.koreabaseball.com/Record/Player/PitcherDetail/Basic.aspx?playerId=65048
64004,김민혁,KT,KT 위즈,타자,https://www.koreabaseball.com/Record/Player/HitterDetail/Basic.aspx?playerId=64004
79402,김상수,KT,KT 위즈,타자,https://www.koreabaseball.com/Record/Player/HitterDetail/Basic.aspx?playerId=79402
56014,김유빈,KT,KT 위즈,타자,https://www.koreabaseball.com/Futures/Player/HitterDetail.aspx?playerId=56014
55043,김재원,KT,KT 위즈,투수,https://www.koreabaseball.com/Futures/Player/PitcherDetail.aspx?playerId=55043
53029,김정운,KT,KT 위즈,투수,https://www.koreabaseball.com/Record/Player/PitcherDetail/Basic.aspx?playerId=53029
66064,김태오,KT,KT 위즈,투수,https://www.koreabaseball.com/Futures/Player/PitcherDetail.aspx?playerId=66064
76290,김현수,KT,KT 위즈,타자,https://www.koreabaseball.com/Record/Player/HitterDetail/Basic.aspx?playerId=76290
56013,김휘연,KT,KT 위즈,투수,https://www.koreabaseball.com/Futures/Player/PitcherDetail.aspx?playerId=56013
53036,류현인,KT,KT 위즈,타자,https://www.koreabaseball.com/Record/Player/HitterDetail/Basic.aspx?playerId=53036
64007,문상철,KT,KT 위즈,타자,https://www.koreabaseball.com/Record/Player/HitterDetail/Basic.aspx?playerId=64007
67419,문용익,KT,KT 위즈,투수,https://www.koreabaseball.com/Record/Player/PitcherDetail/Basic.aspx?playerId=67419
55046,박건우,KT,KT 위즈,투수,https://www.koreabaseball.com/Record/Player/PitcherDetail/Basic.aspx?playerId=55046
55004,박민석,KT,KT 위즈,타자,https://www.koreabaseball.com/Futures/Player/HitterDetail.aspx?playerId=55004
56020,박성준,KT,KT 위즈,타자,https://www.koreabaseball.com/Futures/Player/HitterDetail.aspx?playerId=56020
52060,박영현,KT,KT 위즈,투수,https://www.koreabaseball.com/Record/Player/PitcherDetail/Basic.aspx?playerId=52060
55002,박준혁,KT,KT 위즈,투수,https://www.koreabaseball.com/Futures/Player/PitcherDetail.aspx?playerId=55002
56066,박지훈,KT,KT 위즈,투수,https://www.koreabaseball.com/Record/Player/PitcherDetail/Basic.aspx?playerId=56066
56015,박치성,KT,KT 위즈,타자,https://www.koreabaseball.com/Futures/Player/HitterDetail.aspx?playerId=56015
64166,배정대,KT,KT 위즈,타자,https://www.koreabaseball.com/Record/Player/HitterDetail/Basic.aspx?playerId=64166
65516,배제성,KT,KT 위즈,투수,https://www.koreabaseball.com/Record/Player/PitcherDetail/Basic.aspx?playerId=65516
56036,보쉴리,KT,KT 위즈,투수,https://www.koreabaseball.com/Record/Player/PitcherDetail/Basic.aspx?playerId=56036
56032,사우어,KT,KT 위즈,투수,https://www.koreabaseball.com/Record/Player/PitcherDetail/Basic.aspx?playerId=56032
50030,소형준,KT,KT 위즈,투수,https://www.koreabaseball.com/Record/Player/PitcherDetail/Basic.aspx?playerId=50030
69041,손동현,KT,KT 위즈,투수,https://www.koreabaseball.com/Record/Player/PitcherDetail/Basic.aspx?playerId=69041
53057,손민석,KT,KT 위즈,타자,https://www.koreabaseball.com/Futures/Player/HitterDetail.aspx?playerId=53057
56011,스기모토,KT,KT 위즈,투수,https://www.koreabaseball.com/Record/Player/PitcherDetail/Basic.aspx?playerId=56011
51057,신범준,KT,KT 위즈,타자,https://www.koreabaseball.com/Futures/Player/HitterDetail.aspx?playerId=51057
50901,안인산,KT,KT 위즈,타자,https://www.koreabaseball.com/Record/Player/HitterDetail/Basic.aspx?playerId=50901
67006,안치영,KT,KT 위즈,타자,https://www.koreabaseball.com/Record/Player/HitterDetail/Basic.aspx?playerId=67006
52001,안현민,KT,KT 위즈,타자,https://www.koreabaseball.com/Record/Player/HitterDetail/Basic.aspx?playerId=52001
55005,오서진,KT,KT 위즈,타자,https://www.koreabaseball.com/Record/Player/HitterDetail/Basic.aspx?playerId=55005
50859,오원석,KT,KT 위즈,투수,https://www.koreabaseball.com/Record/Player/PitcherDetail/Basic.aspx?playerId=50859
64504,오윤석,KT,KT 위즈,타자,https://www.koreabaseball.com/Record/Player/HitterDetail/Basic.aspx?playerId=64504
73117,우규민,KT,KT 위즈,투수,https://www.koreabaseball.com/Record/Player/PitcherDetail/Basic.aspx?playerId=73117
54063,원상현,KT,KT 위즈,투수,https://www.koreabaseball.com/Record/Player/PitcherDetail/Basic.aspx?playerId=54063
51013,유준규,KT,KT 위즈,타자,https://www.koreabaseball.com/Record/Player/HitterDetail/Basic.aspx?playerId=51013
55007,윤상인,KT,KT 위즈,투수,https://www.koreabaseball.com/Futures/Player/PitcherDetail.aspx?playerId=55007
56006,이강민,KT,KT 위즈,타자,https://www.koreabaseball.com/Record/Player/HitterDetail/Basic.aspx?playerId=56006
56012,이민준,KT,KT 위즈,투수,https://www.koreabaseball.com/Futures/Player/PitcherDetail.aspx?playerId=56012
69054,이상동,KT,KT 위즈,투수,https://www.koreabaseball.com/Record/Player/PitcherDetail/Basic.aspx?playerId=69054
52063,이상우,KT,KT 위즈,투수,https://www.koreabaseball.com/Futures/Player/PitcherDetail.aspx?playerId=52063
54011,이승현,KT,KT 위즈,타자,https://www.koreabaseball.com/Futures/Player/HitterDetail.aspx?playerId=54011
55006,이용현,KT,KT 위즈,타자,https://www.koreabaseball.com/Futures/Player/HitterDetail.aspx?playerId=55006
52295,이원재,KT,KT 위즈,투수,https://www.koreabaseball.com/Record/Player/PitcherDetail/Basic.aspx?playerId=52295
56005,이재원,KT,KT 위즈,타자,https://www.koreabaseball.com/Record/Player/HitterDetail/Basic.aspx?playerId=56005
67048,이정현,KT,KT 위즈,투수,https://www.koreabaseball.com/Record/Player/PitcherDetail/Basic.aspx?playerId=67048
55003,이정환,KT,KT 위즈,타자,https://www.koreabaseball.com/Futures/Player/HitterDetail.aspx?playerId=55003
67644,이정훈,KT,KT 위즈,타자,https://www.koreabaseball.com/Record/Player/HitterDetail/Basic.aspx?playerId=67644
53005,이준명,KT,KT 위즈,투수,https://www.koreabaseball.com/Futures/Player/PitcherDetail.aspx?playerId=53005
68896,이채호,KT,KT 위즈,투수,https://www.koreabaseball.com/Record/Player/PitcherDetail/Basic.aspx?playerId=68896
54014,이현민,KT,KT 위즈,투수,https://www.koreabaseball.com/Futures/Player/PitcherDetail.aspx?playerId=54014
56001,임상우,KT,KT 위즈,타자,https://www.koreabaseball.com/Record/Player/HitterDetail/Basic.aspx?playerId=56001
69113,임준형,KT,KT 위즈,투수,https://www.koreabaseball.com/Record/Player/PitcherDetail/Basic.aspx?playerId=69113
55010,장민호,KT,KT 위즈,투수,https://www.koreabaseball.com/Futures/Player/PitcherDetail.aspx?playerId=55010
78548,장성우,KT,KT 위즈,타자,https://www.koreabaseball.com/Record/Player/HitterDetail/Basic.aspx?playerId=78548
64115,장준원,KT,KT 위즈,타자,https://www.koreabaseball.com/Record/Player/HitterDetail/Basic.aspx?playerId=64115
66706,장진혁,KT,KT 위즈,타자,https://www.koreabaseball.com/Record/Player/HitterDetail/Basic.aspx?playerId=66706
69047,전용주,KT,KT 위즈,투수,https://www.koreabaseball.com/Record/Player/PitcherDetail/Basic.aspx?playerId=69047
55008,정영웅,KT,KT 위즈,타자,https://www.koreabaseball.com/Futures/Player/HitterDetail.aspx?playerId=55008
52007,정정우,KT,KT 위즈,투수,https://www.koreabaseball.com/Futures/Player/PitcherDetail.aspx?playerId=52007
56091,정현우,KT,KT 위즈,투수,https://www.koreabaseball.com/Futures/Player/PitcherDetail.aspx?playerId=56091
68089,조대현,KT,KT 위즈,타자,https://www.koreabaseball.com/Record/Player/HitterDetail/Basic.aspx?playerId=68089
64768,조이현,KT,KT 위즈,투수,https://www.koreabaseball.com/Record/Player/PitcherDetail/Basic.aspx?playerId=64768
65060,주권,KT,KT 위즈,투수,https://www.koreabaseball.com/Record/Player/PitcherDetail/Basic.aspx?playerId=65060
51060,지명성,KT,KT 위즈,투수,https://www.koreabaseball.com/Futures/Player/PitcherDetail.aspx?playerId=51060
79140,최동환,KT,KT 위즈,투수,https://www.koreabaseball.com/Record/Player/PitcherDetail/Basic.aspx?playerId=79140
52008,최동희,KT,KT 위즈,타자,https://www.koreabaseball.com/Futures/Player/HitterDetail.aspx?playerId=52008
51007,최성민,KT,KT 위즈,타자,https://www.koreabaseball.com/Record/Player/HitterDetail/Basic.aspx?playerId=51007
66606,최원준,KT,KT 위즈,타자,https://www.koreabaseball.com/Record/Player/HitterDetail/Basic.aspx?playerId=66606
63722,한승택,KT,KT 위즈,타자,https://www.koreabaseball.com/Record/Player/HitterDetail/Basic.aspx?playerId=63722
61666,한승혁,KT,KT 위즈,투수,https://www.koreabaseball.com/Record/Player/PitcherDetail/Basic.aspx?playerId=61666
52065,한지웅,KT,KT 위즈,투수,https://www.koreabaseball.com/Futures/Player/PitcherDetail.aspx?playerId=52065
51058,한차현,KT,KT 위즈,투수,https://www.koreabaseball.com/Record/Player/PitcherDetail/Basic.aspx?playerId=51058
79240,허경민,KT,KT 위즈,타자,https://www.koreabaseball.com/Record/Player/HitterDetail/Basic.aspx?playerId=79240
56034,힐리어드,KT,KT 위즈,타자,https://www.koreabaseball.com/Record/Player/HitterDetail/Basic.aspx?playerId=56034
50905,강태경,NC,NC 다이노스,투수,https://www.koreabaseball.com/Futures/Player/PitcherDetail.aspx?playerId=50905
54908,고승완,NC,NC 다이노스,타자,https://www.koreabaseball.com/Record/Player/HitterDetail/Basic.aspx?playerId=54908
59372,고준휘,NC,NC 다이노스,타자,https://www.koreabaseball.com/Futures/Player/HitterDetail.aspx?playerId=59372
56949,고준휘,NC,NC 다이노스,타자,https://www.koreabaseball.com/Record/Player/HitterDetail/Basic.aspx?playerId=56949
65933,구창모,NC,NC 다이노스,투수,https://www.koreabaseball.com/Record/Player/PitcherDetail/Basic.aspx?playerId=65933
63963,권희동,NC,NC 다이노스,타자,https://www.koreabaseball.com/Record/Player/HitterDetail/Basic.aspx?playerId=63963
59374,김건,NC,NC 다이노스,타자,https://www.koreabaseball.com/Futures/Player/HitterDetail.aspx?playerId=59374
56952,김건,NC,NC 다이노스,타자,https://www.koreabaseball.com/Record/Player/HitterDetail/Basic.aspx?playerId=56952
52995,김녹원,NC,NC 다이노스,투수,https://www.koreabaseball.com/Record/Player/PitcherDetail/Basic.aspx?playerId=52995
55933,김동현,NC,NC 다이노스,타자,https://www.koreabaseball.com/Futures/Player/HitterDetail.aspx?playerId=55933
56944,김명규,NC,NC 다이노스,타자,https://www.koreabaseball.com/Futures/Player/HitterDetail.aspx?playerId=56944
59378,김명규,NC,NC 다이노스,타자,https://www.koreabaseball.com/Futures/Player/HitterDetail.aspx?playerId=59378
69980,김범준,NC,NC 다이노스,타자,https://www.koreabaseball.com/Futures/Player/HitterDetail.aspx?playerId=69980
68900,김영규,NC,NC 다이노스,투수,https://www.koreabaseball.com/Record/Player/PitcherDetail/Basic.aspx?playerId=68900
56936,김요엘,NC,NC 다이노스,투수,https://www.koreabaseball.com/Futures/Player/PitcherDetail.aspx?playerId=56936
64580,김재열,NC,NC 다이노스,투수,https://www.koreabaseball.com/Record/Player/PitcherDetail/Basic.aspx?playerId=64580
51903,김정호,NC,NC 다이노스,타자,https://www.koreabaseball.com/Record/Player/HitterDetail/Basic.aspx?playerId=51903
51907,김주원,NC,NC 다이노스,타자,https://www.koreabaseball.com/Record/Player/HitterDetail/Basic.aspx?playerId=51907
54910,김준원,NC,NC 다이노스,투수,https://www.koreabaseball.com/Futures/Player/PitcherDetail.aspx?playerId=54910
67954,김진호,NC,NC 다이노스,투수,https://www.koreabaseball.com/Record/Player/PitcherDetail/Basic.aspx?playerId=67954
50992,김태경,NC,NC 다이노스,투수,https://www.koreabaseball.com/Record/Player/PitcherDetail/Basic.aspx?playerId=50992
68454,김태우,NC,NC 다이노스,투수,https://www.koreabaseball.com/Futures/Player/PitcherDetail.aspx?playerId=68454
67956,김태현,NC,NC 다이노스,투수,https://www.koreabaseball.com/Futures/Player/PitcherDetail.aspx?playerId=67956
55995,김태훈,NC,NC 다이노스,투수,https://www.koreabaseball.com/Record/Player/PitcherDetail/Basic.aspx?playerId=55995
50902,김한별,NC,NC 다이노스,타자,https://www.koreabaseball.com/Record/Player/HitterDetail/Basic.aspx?playerId=50902
68912,김형준,NC,NC 다이노스,타자,https://www.koreabaseball.com/Record/Player/HitterDetail/Basic.aspx?playerId=68912
51344,김휘집,NC,NC 다이노스,타자,https://www.koreabaseball.com/Record/Player/HitterDetail/Basic.aspx?playerId=51344
53914,노재원,NC,NC 다이노스,투수,https://www.koreabaseball.com/Futures/Player/PitcherDetail.aspx?playerId=53914
54944,데이비슨,NC,NC 다이노스,타자,https://www.koreabaseball.com/Record/Player/HitterDetail/Basic.aspx?playerId=54944
66965,도태훈,NC,NC 다이노스,타자,https://www.koreabaseball.com/Record/Player/HitterDetail/Basic.aspx?playerId=66965
55903,라일리,NC,NC 다이노스,투수,https://www.koreabaseball.com/Record/Player/PitcherDetail/Basic.aspx?playerId=55903
65949,류진욱,NC,NC 다이노스,투수,https://www.koreabaseball.com/Record/Player/PitcherDetail/Basic.aspx?playerId=65949
53973,목지훈,NC,NC 다이노스,투수,https://www.koreabaseball.com/Record/Player/PitcherDetail/Basic.aspx?playerId=53973
79215,박건우,NC,NC 다이노스,타자,https://www.koreabaseball.com/Record/Player/HitterDetail/Basic.aspx?playerId=79215
52994,박동수,NC,NC 다이노스,투수,https://www.koreabaseball.com/Futures/Player/PitcherDetail.aspx?playerId=52994
62907,박민우,NC,NC 다이노스,타자,https://www.koreabaseball.com/Record/Player/HitterDetail/Basic.aspx?playerId=62907
52980,박성재,NC,NC 다이노스,타자,https://www.koreabaseball.com/Futures/Player/HitterDetail.aspx?playerId=52980
50996,박시원,NC,NC 다이노스,타자,https://www.koreabaseball.com/Record/Player/HitterDetail/Basic.aspx?playerId=50996
50906,박영빈,NC,NC 다이노스,타자,https://www.koreabaseball.com/Futures/Player/HitterDetail.aspx?playerId=50906
54911,박인우,NC,NC 다이노스,타자,https://www.koreabaseball.com/Futures/Player/HitterDetail.aspx?playerId=54911
69900,박주찬,NC,NC 다이노스,타자,https://www.koreabaseball.com/Futures/Player/HitterDetail.aspx?playerId=69900
69994,박지한,NC,NC 다이노스,투수,https://www.koreabaseball.com/Record/Player/PitcherDetail/Basic.aspx?playerId=69994
53988,배상호,NC,NC 다이노스,타자,https://www.koreabaseball.com/Futures/Player/HitterDetail.aspx?playerId=53988
64995,배재환,NC,NC 다이노스,투수,https://www.koreabaseball.com/Record/Player/PitcherDetail/Basic.aspx?playerId=64995
69995,서호철,NC,NC 다이노스,타자,https://www.koreabaseball.com/Record/Player/HitterDetail/Basic.aspx?playerId=69995
67962,소이현,NC,NC 다이노스,투수,https://www.koreabaseball.com/Futures/Player/PitcherDetail.aspx?playerId=67962
56946,손민서,NC,NC 다이노스,투수,https://www.koreabaseball.com/Futures/Player/PitcherDetail.aspx?playerId=56946
54904,손주환,NC,NC 다이노스,투수,https://www.koreabaseball.com/Record/Player/PitcherDetail/Basic.aspx?playerId=54904
55917,신민우,NC,NC 다이노스,타자,https://www.koreabaseball.com/Record/Player/HitterDetail/Basic.aspx?playerId=55917
68902,신민혁,NC,NC 다이노스,투수,https://www.koreabaseball.com/Record/Player/PitcherDetail/Basic.aspx?playerId=68902
53989,신성호,NC,NC 다이노스,타자,https://www.koreabaseball.com/Futures/Player/HitterDetail.aspx?playerId=53989
53919,신영우,NC,NC 다이노스,투수,https://www.koreabaseball.com/Record/Player/PitcherDetail/Basic.aspx?playerId=53919
56909,신재인,NC,NC 다이노스,타자,https://www.koreabaseball.com/Record/Player/HitterDetail/Basic.aspx?playerId=56909
59377,신재인,NC,NC 다이노스,타자,https://www.koreabaseball.com/Futures/Player/HitterDetail.aspx?playerId=59377
64022,안중열,NC,NC 다이노스,타자,https://www.koreabaseball.com/Record/Player/HitterDetail/Basic.aspx?playerId=64022
56941,안지원,NC,NC 다이노스,타자,https://www.koreabaseball.com/Futures/Player/HitterDetail.aspx?playerId=56941
55920,양가온솔,NC,NC 다이노스,타자,https://www.koreabaseball.com/Futures/Player/HitterDetail.aspx?playerId=55920
68904,오영수,NC,NC 다이노스,타자,https://www.koreabaseball.com/Record/Player/HitterDetail/Basic.aspx?playerId=68904
51991,오장한,NC,NC 다이노스,타자,https://www.koreabaseball.com/Record/Player/HitterDetail/Basic.aspx?playerId=51991
51996,오태양,NC,NC 다이노스,타자,https://www.koreabaseball.com/Record/Player/HitterDetail/Basic.aspx?playerId=51996
54906,원종해,NC,NC 다이노스,투수,https://www.koreabaseball.com/Record/Player/PitcherDetail/Basic.aspx?playerId=54906
55925,유재현,NC,NC 다이노스,타자,https://www.koreabaseball.com/Futures/Player/HitterDetail.aspx?playerId=55925
56945,윤서현,NC,NC 다이노스,투수,https://www.koreabaseball.com/Futures/Player/PitcherDetail.aspx?playerId=56945
59380,윤서현,NC,NC 다이노스,투수,https://www.koreabaseball.com/Futures/Player/PitcherDetail.aspx?playerId=59380
56943,윤성환,NC,NC 다이노스,투수,https://www.koreabaseball.com/Futures/Player/PitcherDetail.aspx?playerId=56943
50092,윤준혁,NC,NC 다이노스,타자,https://www.koreabaseball.com/Record/Player/HitterDetail/Basic.aspx?playerId=50092
55997,이세민,NC,NC 다이노스,투수,https://www.koreabaseball.com/Record/Player/PitcherDetail/Basic.aspx?playerId=55997
63260,이우성,NC,NC 다이노스,타자,https://www.koreabaseball.com/Record/Player/HitterDetail/Basic.aspx?playerId=63260
60263,이재학,NC,NC 다이노스,투수,https://www.koreabaseball.com/Record/Player/PitcherDetail/Basic.aspx?playerId=60263
52992,이준혁,NC,NC 다이노스,투수,https://www.koreabaseball.com/Record/Player/PitcherDetail/Basic.aspx?playerId=52992
52907,이한,NC,NC 다이노스,타자,https://www.koreabaseball.com/Futures/Player/HitterDetail.aspx?playerId=52907
59368,이희성,NC,NC 다이노스,타자,https://www.koreabaseball.com/Futures/Player/HitterDetail.aspx?playerId=59368
56932,이희성,NC,NC 다이노스,타자,https://www.koreabaseball.com/Record/Player/HitterDetail/Basic.aspx?playerId=56932
63959,임정호,NC,NC 다이노스,투수,https://www.koreabaseball.com/Record/Player/PitcherDetail/Basic.aspx?playerId=63959
52902,임지민,NC,NC 다이노스,투수,https://www.koreabaseball.com/Record/Player/PitcherDetail/Basic.aspx?playerId=52902
55993,장창훈,NC,NC 다이노스,타자,https://www.koreabaseball.com/Futures/Player/HitterDetail.aspx?playerId=55993
69204,전루건,NC,NC 다이노스,투수,https://www.koreabaseball.com/Futures/Player/PitcherDetail.aspx?playerId=69204
69969,전사민,NC,NC 다이노스,투수,https://www.koreabaseball.com/Record/Player/PitcherDetail/Basic.aspx?playerId=69969
50995,정구범,NC,NC 다이노스,투수,https://www.koreabaseball.com/Record/Player/PitcherDetail/Basic.aspx?playerId=50995
53995,정주영,NC,NC 다이노스,투수,https://www.koreabaseball.com/Futures/Player/PitcherDetail.aspx?playerId=53995
56940,정튼튼,NC,NC 다이노스,투수,https://www.koreabaseball.com/Futures/Player/PitcherDetail.aspx?playerId=56940
52903,조민석,NC,NC 다이노스,투수,https://www.koreabaseball.com/Record/Player/PitcherDetail/Basic.aspx?playerId=52903
55927,조창연,NC,NC 다이노스,타자,https://www.koreabaseball.com/Futures/Player/HitterDetail.aspx?playerId=55927
52908,조효원,NC,NC 다이노스,타자,https://www.koreabaseball.com/Futures/Player/HitterDetail.aspx?playerId=52908
67905,천재환,NC,NC 다이노스,타자,https://www.koreabaseball.com/Record/Player/HitterDetail/Basic.aspx?playerId=67905
66920,최성영,NC,NC 다이노스,투수,https://www.koreabaseball.com/Record/Player/PitcherDetail/Basic.aspx?playerId=66920
56967,최요한,NC,NC 다이노스,투수,https://www.koreabaseball.com/Record/Player/PitcherDetail/Basic.aspx?playerId=56967
59379,최요한,NC,NC 다이노스,투수,https://www.koreabaseball.com/Futures/Player/PitcherDetail.aspx?playerId=59379
54903,최우석,NC,NC 다이노스,투수,https://www.koreabaseball.com/Record/Player/PitcherDetail/Basic.aspx?playerId=54903
55913,최윤혁,NC,NC 다이노스,투수,https://www.koreabaseball.com/Futures/Player/PitcherDetail.aspx?playerId=55913
69992,최정원,NC,NC 다이노스,타자,https://www.koreabaseball.com/Record/Player/HitterDetail/Basic.aspx?playerId=69992
56966,테일러,NC,NC 다이노스,투수,https://www.koreabaseball.com/Record/Player/PitcherDetail/Basic.aspx?playerId=56966
56911,토다,NC,NC 다이노스,투수,https://www.koreabaseball.com/Record/Player/PitcherDetail/Basic.aspx?playerId=56911
68639,하준영,NC,NC 다이노스,투수,https://www.koreabaseball.com/Record/Player/PitcherDetail/Basic.aspx?playerId=68639
64101,한석현,NC,NC 다이노스,타자,https://www.koreabaseball.com/Record/Player/HitterDetail/Basic.aspx?playerId=64101
50903,한재환,NC,NC 다이노스,타자,https://www.koreabaseball.com/Record/Player/HitterDetail/Basic.aspx?playerId=50903
56904,허윤,NC,NC 다이노스,타자,https://www.koreabaseball.com/Record/Player/HitterDetail/Basic.aspx?playerId=56904
59373,허윤,NC,NC 다이노스,타자,https://www.koreabaseball.com/Futures/Player/HitterDetail.aspx?playerId=59373
55996,홍재문,NC,NC 다이노스,투수,https://www.koreabaseball.com/Futures/Player/PitcherDetail.aspx?playerId=55996
50600,홍종표,NC,NC 다이노스,타자,https://www.koreabaseball.com/Record/Player/HitterDetail/Basic.aspx?playerId=50600
54506,강승구,LT,롯데 자이언츠,타자,https://www.koreabaseball.com/Futures/Player/HitterDetail.aspx?playerId=54506
69517,고승민,LT,롯데 자이언츠,타자,https://www.koreabaseball.com/Record/Player/HitterDetail/Basic.aspx?playerId=69517
63543,구승민,LT,롯데 자이언츠,투수,https://www.koreabaseball.com/Record/Player/PitcherDetail/Basic.aspx?playerId=63543
65522,김강현,LT,롯데 자이언츠,투수,https://www.koreabaseball.com/Record/Player/PitcherDetail/Basic.aspx?playerId=65522
53540,김기준,LT,롯데 자이언츠,투수,https://www.koreabaseball.com/Futures/Player/PitcherDetail.aspx?playerId=53540
54511,김대현,LT,롯데 자이언츠,타자,https://www.koreabaseball.com/Futures/Player/HitterDetail.aspx?playerId=54511
69592,김동규,LT,롯데 자이언츠,타자,https://www.koreabaseball.com/Futures/Player/HitterDetail.aspx?playerId=69592
52504,김동혁,LT,롯데 자이언츠,타자,https://www.koreabaseball.com/Record/Player/HitterDetail/Basic.aspx?playerId=52504
55502,김동현,LT,롯데 자이언츠,타자,https://www.koreabaseball.com/Record/Player/HitterDetail/Basic.aspx?playerId=55502
77564,김민성,LT,롯데 자이언츠,타자,https://www.koreabaseball.com/Record/Player/HitterDetail/Basic.aspx?playerId=77564
76430,김상수,LT,롯데 자이언츠,투수,https://www.koreabaseball.com/Record/Player/PitcherDetail/Basic.aspx?playerId=76430
52514,김세민,LT,롯데 자이언츠,타자,https://www.koreabaseball.com/Record/Player/HitterDetail/Basic.aspx?playerId=52514
68130,김영준,LT,롯데 자이언츠,투수,https://www.koreabaseball.com/Record/Player/PitcherDetail/Basic.aspx?playerId=68130
62528,김원중,LT,롯데 자이언츠,투수,https://www.koreabaseball.com/Record/Player/PitcherDetail/Basic.aspx?playerId=62528
52140,김주완,LT,롯데 자이언츠,투수,https://www.koreabaseball.com/Futures/Player/PitcherDetail.aspx?playerId=52140
51516,김진욱,LT,롯데 자이언츠,투수,https://www.koreabaseball.com/Record/Player/PitcherDetail/Basic.aspx?playerId=51516
51586,김창훈,LT,롯데 자이언츠,투수,https://www.koreabaseball.com/Futures/Player/PitcherDetail.aspx?playerId=51586
55507,김태균,LT,롯데 자이언츠,투수,https://www.koreabaseball.com/Futures/Player/PitcherDetail.aspx?playerId=55507
55566,김태현,LT,롯데 자이언츠,투수,https://www.koreabaseball.com/Futures/Player/PitcherDetail.aspx?playerId=55566
56540,김한결,LT,롯데 자이언츠,투수,https://www.koreabaseball.com/Futures/Player/PitcherDetail.aspx?playerId=56540
56595,김한홀,LT,롯데 자이언츠,타자,https://www.koreabaseball.com/Record/Player/HitterDetail/Basic.aspx?playerId=56595
59383,김한홀,LT,롯데 자이언츠,타자,https://www.koreabaseball.com/Futures/Player/HitterDetail.aspx?playerId=59383
56509,김현도,LT,롯데 자이언츠,타자,https://www.koreabaseball.com/Futures/Player/HitterDetail.aspx?playerId=56509
56541,김현수,LT,롯데 자이언츠,투수,https://www.koreabaseball.com/Futures/Player/PitcherDetail.aspx?playerId=56541
56512,김호범,LT,롯데 자이언츠,타자,https://www.koreabaseball.com/Futures/Player/HitterDetail.aspx?playerId=56512
56537,김화중,LT,롯데 자이언츠,투수,https://www.koreabaseball.com/Futures/Player/PitcherDetail.aspx?playerId=56537
67539,나균안,LT,롯데 자이언츠,투수,https://www.koreabaseball.com/Record/Player/PitcherDetail/Basic.aspx?playerId=67539
51551,나승엽,LT,롯데 자이언츠,타자,https://www.koreabaseball.com/Record/Player/HitterDetail/Basic.aspx?playerId=51551
56539,남해담,LT,롯데 자이언츠,투수,https://www.koreabaseball.com/Futures/Player/PitcherDetail.aspx?playerId=56539
62931,노진혁,LT,롯데 자이언츠,타자,https://www.koreabaseball.com/Record/Player/HitterDetail/Basic.aspx?playerId=62931
54529,레이예스,LT,롯데 자이언츠,타자,https://www.koreabaseball.com/Record/Player/HitterDetail/Basic.aspx?playerId=54529
56531,로드리게스,LT,롯데 자이언츠,투수,https://www.koreabaseball.com/Record/Player/PitcherDetail/Basic.aspx?playerId=56531
53597,박건,LT,롯데 자이언츠,타자,https://www.koreabaseball.com/Futures/Player/HitterDetail.aspx?playerId=53597
55509,박건우,LT,롯데 자이언츠,타자,https://www.koreabaseball.com/Futures/Player/HitterDetail.aspx?playerId=55509
50563,박로건,LT,롯데 자이언츠,투수,https://www.koreabaseball.com/Futures/Player/PitcherDetail.aspx?playerId=50563
64021,박세웅,LT,롯데 자이언츠,투수,https://www.koreabaseball.com/Record/Player/PitcherDetail/Basic.aspx?playerId=64021
66047,박세진,LT,롯데 자이언츠,투수,https://www.koreabaseball.com/Record/Player/PitcherDetail/Basic.aspx?playerId=66047
55568,박세현,LT,롯데 자이언츠,투수,https://www.koreabaseball.com/Futures/Player/PitcherDetail.aspx?playerId=55568
62802,박승욱,LT,롯데 자이언츠,타자,https://www.koreabaseball.com/Record/Player/HitterDetail/Basic.aspx?playerId=62802
60559,박시영,LT,롯데 자이언츠,투수,https://www.koreabaseball.com/Record/Player/PitcherDetail/Basic.aspx?playerId=60559
55563,박재엽,LT,롯데 자이언츠,타자,https://www.koreabaseball.com/Record/Player/HitterDetail/Basic.aspx?playerId=55563
56536,박정민,LT,롯데 자이언츠,투수,https://www.koreabaseball.com/Record/Player/PitcherDetail/Basic.aspx?playerId=56536
54503,박준우,LT,롯데 자이언츠,투수,https://www.koreabaseball.com/Record/Player/PitcherDetail/Basic.aspx?playerId=54503
55508,박지훈,LT,롯데 자이언츠,타자,https://www.koreabaseball.com/Futures/Player/HitterDetail.aspx?playerId=55508
69594,박진,LT,롯데 자이언츠,투수,https://www.koreabaseball.com/Record/Player/PitcherDetail/Basic.aspx?playerId=69594
55530,박찬형,LT,롯데 자이언츠,타자,https://www.koreabaseball.com/Record/Player/HitterDetail/Basic.aspx?playerId=55530
53598,배인혁,LT,롯데 자이언츠,타자,https://www.koreabaseball.com/Futures/Player/HitterDetail.aspx?playerId=53598
56523,비슬리,LT,롯데 자이언츠,투수,https://www.koreabaseball.com/Record/Player/PitcherDetail/Basic.aspx?playerId=56523
56524,서하은,LT,롯데 자이언츠,타자,https://www.koreabaseball.com/Futures/Player/HitterDetail.aspx?playerId=56524
53560,석상호,LT,롯데 자이언츠,투수,https://www.koreabaseball.com/Futures/Player/PitcherDetail.aspx?playerId=53560
51528,손성빈,LT,롯데 자이언츠,타자,https://www.koreabaseball.com/Record/Player/HitterDetail/Basic.aspx?playerId=51528
50150,손호영,LT,롯데 자이언츠,타자,https://www.koreabaseball.com/Record/Player/HitterDetail/Basic.aspx?playerId=50150
51594,송재영,LT,롯데 자이언츠,투수,https://www.koreabaseball.com/Record/Player/PitcherDetail/Basic.aspx?playerId=51594
56567,신동건,LT,롯데 자이언츠,투수,https://www.koreabaseball.com/Record/Player/PitcherDetail/Basic.aspx?playerId=56567
69508,신윤후,LT,롯데 자이언츠,타자,https://www.koreabaseball.com/Record/Player/HitterDetail/Basic.aspx?playerId=69508
52565,엄장윤,LT,롯데 자이언츠,타자,https://www.koreabaseball.com/Futures/Player/HitterDetail.aspx?playerId=52565
61102,유강남,LT,롯데 자이언츠,타자,https://www.koreabaseball.com/Record/Player/HitterDetail/Basic.aspx?playerId=61102
52591,윤동희,LT,롯데 자이언츠,타자,https://www.koreabaseball.com/Record/Player/HitterDetail/Basic.aspx?playerId=52591
67588,윤성빈,LT,롯데 자이언츠,투수,https://www.koreabaseball.com/Record/Player/PitcherDetail/Basic.aspx?playerId=67588
53505,윤수녕,LT,롯데 자이언츠,타자,https://www.koreabaseball.com/Futures/Player/HitterDetail.aspx?playerId=53505
56520,이건희,LT,롯데 자이언츠,타자,https://www.koreabaseball.com/Futures/Player/HitterDetail.aspx?playerId=56520
56538,이로화,LT,롯데 자이언츠,타자,https://www.koreabaseball.com/Futures/Player/HitterDetail.aspx?playerId=56538
52530,이민석,LT,롯데 자이언츠,투수,https://www.koreabaseball.com/Record/Player/PitcherDetail/Basic.aspx?playerId=52530
51592,이병준,LT,롯데 자이언츠,투수,https://www.koreabaseball.com/Futures/Player/PitcherDetail.aspx?playerId=51592
56563,이서준,LT,롯데 자이언츠,타자,https://www.koreabaseball.com/Record/Player/HitterDetail/Basic.aspx?playerId=56563
68529,이승헌,LT,롯데 자이언츠,투수,https://www.koreabaseball.com/Futures/Player/PitcherDetail.aspx?playerId=68529
55503,이영재,LT,롯데 자이언츠,투수,https://www.koreabaseball.com/Record/Player/PitcherDetail/Basic.aspx?playerId=55503
50608,이인한,LT,롯데 자이언츠,타자,https://www.koreabaseball.com/Futures/Player/HitterDetail.aspx?playerId=50608
56513,이정민,LT,롯데 자이언츠,타자,https://www.koreabaseball.com/Futures/Player/HitterDetail.aspx?playerId=56513
56554,이준서,LT,롯데 자이언츠,투수,https://www.koreabaseball.com/Record/Player/PitcherDetail/Basic.aspx?playerId=56554
56514,이지훈,LT,롯데 자이언츠,타자,https://www.koreabaseball.com/Futures/Player/HitterDetail.aspx?playerId=56514
53562,이진하,LT,롯데 자이언츠,투수,https://www.koreabaseball.com/Record/Player/PitcherDetail/Basic.aspx?playerId=53562
55511,이태경,LT,롯데 자이언츠,타자,https://www.koreabaseball.com/Record/Player/HitterDetail/Basic.aspx?playerId=55511
53594,이태연,LT,롯데 자이언츠,투수,https://www.koreabaseball.com/Futures/Player/PitcherDetail.aspx?playerId=53594
54598,이호준,LT,롯데 자이언츠,타자,https://www.koreabaseball.com/Record/Player/HitterDetail/Basic.aspx?playerId=54598
68507,장두성,LT,롯데 자이언츠,타자,https://www.koreabaseball.com/Record/Player/HitterDetail/Basic.aspx?playerId=68507
53596,장세진,LT,롯데 자이언츠,투수,https://www.koreabaseball.com/Futures/Player/PitcherDetail.aspx?playerId=53596
68205,전민재,LT,롯데 자이언츠,타자,https://www.koreabaseball.com/Record/Player/HitterDetail/Basic.aspx?playerId=68205
78513,전준우,LT,롯데 자이언츠,타자,https://www.koreabaseball.com/Record/Player/HitterDetail/Basic.aspx?playerId=78513
56543,정문혁,LT,롯데 자이언츠,타자,https://www.koreabaseball.com/Record/Player/HitterDetail/Basic.aspx?playerId=56543
68518,정보근,LT,롯데 자이언츠,타자,https://www.koreabaseball.com/Record/Player/HitterDetail/Basic.aspx?playerId=68518
55515,정선우,LT,롯데 자이언츠,투수,https://www.koreabaseball.com/Futures/Player/PitcherDetail.aspx?playerId=55515
68556,정성종,LT,롯데 자이언츠,투수,https://www.koreabaseball.com/Record/Player/PitcherDetail/Basic.aspx?playerId=68556
51546,정우준,LT,롯데 자이언츠,투수,https://www.koreabaseball.com/Futures/Player/PitcherDetail.aspx?playerId=51546
68242,정철원,LT,롯데 자이언츠,투수,https://www.koreabaseball.com/Record/Player/PitcherDetail/Basic.aspx?playerId=68242
54537,정현수,LT,롯데 자이언츠,투수,https://www.koreabaseball.com/Record/Player/PitcherDetail/Basic.aspx?playerId=54537
53504,조경민,LT,롯데 자이언츠,투수,https://www.koreabaseball.com/Futures/Player/PitcherDetail.aspx?playerId=53504
55534,조민영,LT,롯데 자이언츠,타자,https://www.koreabaseball.com/Futures/Player/HitterDetail.aspx?playerId=55534
52516,조세진,LT,롯데 자이언츠,타자,https://www.koreabaseball.com/Record/Player/HitterDetail/Basic.aspx?playerId=52516
55504,조영우,LT,롯데 자이언츠,투수,https://www.koreabaseball.com/Futures/Player/PitcherDetail.aspx?playerId=55504
68036,최이준,LT,롯데 자이언츠,투수,https://www.koreabaseball.com/Record/Player/PitcherDetail/Basic.aspx?playerId=68036
50556,최준용,LT,롯데 자이언츠,투수,https://www.koreabaseball.com/Record/Player/PitcherDetail/Basic.aspx?playerId=50556
66451,최충연,LT,롯데 자이언츠,투수,https://www.koreabaseball.com/Record/Player/PitcherDetail/Basic.aspx?playerId=66451
62884,최항,LT,롯데 자이언츠,타자,https://www.koreabaseball.com/Record/Player/HitterDetail/Basic.aspx?playerId=62884
56548,쿄야마,LT,롯데 자이언츠,투수,https://www.koreabaseball.com/Record/Player/PitcherDetail/Basic.aspx?playerId=56548
56522,하준서,LT,롯데 자이언츠,타자,https://www.koreabaseball.com/Futures/Player/HitterDetail.aspx?playerId=56522
52560,하혜성,LT,롯데 자이언츠,투수,https://www.koreabaseball.com/Futures/Player/PitcherDetail.aspx?playerId=52560
68525,한동희,LT,롯데 자이언츠,타자,https://www.koreabaseball.com/Record/Player/HitterDetail/Basic.aspx?playerId=68525
55506,한승현,LT,롯데 자이언츠,타자,https://www.koreabaseball.com/Futures/Player/HitterDetail.aspx?playerId=55506
52568,한태양,LT,롯데 자이언츠,타자,https://www.koreabaseball.com/Record/Player/HitterDetail/Basic.aspx?playerId=52568
62363,한현희,LT,롯데 자이언츠,투수,https://www.koreabaseball.com/Record/Player/PitcherDetail/Basic.aspx?playerId=62363
68260,현도훈,LT,롯데 자이언츠,투수,https://www.koreabaseball.com/Record/Player/PitcherDetail/Basic.aspx?playerId=68260
50596,홍민기,LT,롯데 자이언츠,투수,https://www.koreabaseball.com/Record/Player/PitcherDetail/Basic.aspx?playerId=50596
56519,홍서연,LT,롯데 자이언츠,타자,https://www.koreabaseball.com/Futures/Player/HitterDetail.aspx?playerId=56519
50500,황성빈,LT,롯데 자이언츠,타자,https://www.koreabaseball.com/Record/Player/HitterDetail/Basic.aspx?playerId=50500
55371,권혁빈,WO,키움 히어로즈,타자,https://www.koreabaseball.com/Futures/Player/HitterDetail.aspx?playerId=55371
53312,김건희,WO,키움 히어로즈,타자,https://www.koreabaseball.com/Record/Player/HitterDetail/Basic.aspx?playerId=53312
53164,김동규,WO,키움 히어로즈,투수,https://www.koreabaseball.com/Record/Player/PitcherDetail/Basic.aspx?playerId=53164
53344,김동헌,WO,키움 히어로즈,타자,https://www.koreabaseball.com/Record/Player/HitterDetail/Basic.aspx?playerId=53344
52398,김리안,WO,키움 히어로즈,타자,https://www.koreabaseball.com/Futures/Player/HitterDetail.aspx?playerId=52398
50304,김병휘,WO,키움 히어로즈,타자,https://www.koreabaseball.com/Record/Player/HitterDetail/Basic.aspx?playerId=50304
55359,김서준,WO,키움 히어로즈,투수,https://www.koreabaseball.com/Futures/Player/PitcherDetail.aspx?playerId=55359
66018,김선기,WO,키움 히어로즈,투수,https://www.koreabaseball.com/Record/Player/PitcherDetail/Basic.aspx?playerId=66018
67828,김성민,WO,키움 히어로즈,투수,https://www.koreabaseball.com/Record/Player/PitcherDetail/Basic.aspx?playerId=67828
51301,김성진,WO,키움 히어로즈,투수,https://www.koreabaseball.com/Record/Player/PitcherDetail/Basic.aspx?playerId=51301
54368,김연주,WO,키움 히어로즈,투수,https://www.koreabaseball.com/Record/Player/PitcherDetail/Basic.aspx?playerId=54368
65898,김웅빈,WO,키움 히어로즈,타자,https://www.koreabaseball.com/Record/Player/HitterDetail/Basic.aspx?playerId=65898
56317,김유빈,WO,키움 히어로즈,투수,https://www.koreabaseball.com/Futures/Player/PitcherDetail.aspx?playerId=56317
54319,김윤하,WO,키움 히어로즈,투수,https://www.koreabaseball.com/Record/Player/PitcherDetail/Basic.aspx?playerId=54319
69367,김인범,WO,키움 히어로즈,투수,https://www.koreabaseball.com/Futures/Player/PitcherDetail.aspx?playerId=69367
67391,김재웅,WO,키움 히어로즈,투수,https://www.koreabaseball.com/Record/Player/PitcherDetail/Basic.aspx?playerId=67391
62332,김재현,WO,키움 히어로즈,타자,https://www.koreabaseball.com/Record/Player/HitterDetail/Basic.aspx?playerId=62332
56316,김주영,WO,키움 히어로즈,타자,https://www.koreabaseball.com/Futures/Player/HitterDetail.aspx?playerId=56316
56326,김지석,WO,키움 히어로즈,타자,https://www.koreabaseball.com/Record/Player/HitterDetail/Basic.aspx?playerId=56326
54397,김지성,WO,키움 히어로즈,타자,https://www.koreabaseball.com/Futures/Player/HitterDetail.aspx?playerId=54397
56313,김태언,WO,키움 히어로즈,투수,https://www.koreabaseball.com/Futures/Player/PitcherDetail.aspx?playerId=56313
64984,김태진,WO,키움 히어로즈,타자,https://www.koreabaseball.com/Record/Player/HitterDetail/Basic.aspx?playerId=64984
53305,박성빈,WO,키움 히어로즈,타자,https://www.koreabaseball.com/Record/Player/HitterDetail/Basic.aspx?playerId=53305
52305,박수종,WO,키움 히어로즈,타자,https://www.koreabaseball.com/Record/Player/HitterDetail/Basic.aspx?playerId=52305
53301,박윤성,WO,키움 히어로즈,투수,https://www.koreabaseball.com/Record/Player/PitcherDetail/Basic.aspx?playerId=53301
55394,박정훈,WO,키움 히어로즈,투수,https://www.koreabaseball.com/Record/Player/PitcherDetail/Basic.aspx?playerId=55394
69328,박주성,WO,키움 히어로즈,투수,https://www.koreabaseball.com/Record/Player/PitcherDetail/Basic.aspx?playerId=69328
50357,박주홍,WO,키움 히어로즈,타자,https://www.koreabaseball.com/Record/Player/HitterDetail/Basic.aspx?playerId=50357
56314,박준건,WO,키움 히어로즈,투수,https://www.koreabaseball.com/Futures/Player/PitcherDetail.aspx?playerId=56314
56318,박준현,WO,키움 히어로즈,투수,https://www.koreabaseball.com/Record/Player/PitcherDetail/Basic.aspx?playerId=56318
69363,박준형,WO,키움 히어로즈,타자,https://www.koreabaseball.com/Futures/Player/HitterDetail.aspx?playerId=69363
56337,박지성,WO,키움 히어로즈,투수,https://www.koreabaseball.com/Record/Player/PitcherDetail/Basic.aspx?playerId=56337
63512,박진형,WO,키움 히어로즈,투수,https://www.koreabaseball.com/Record/Player/PitcherDetail/Basic.aspx?playerId=63512
52348,박찬혁,WO,키움 히어로즈,타자,https://www.koreabaseball.com/Record/Player/HitterDetail/Basic.aspx?playerId=52348
54303,박채울,WO,키움 히어로즈,타자,https://www.koreabaseball.com/Futures/Player/HitterDetail.aspx?playerId=54303
56304,박한결,WO,키움 히어로즈,타자,https://www.koreabaseball.com/Record/Player/HitterDetail/Basic.aspx?playerId=56304
51761,배동현,WO,키움 히어로즈,투수,https://www.koreabaseball.com/Record/Player/PitcherDetail/Basic.aspx?playerId=51761
52392,백진수,WO,키움 히어로즈,투수,https://www.koreabaseball.com/Futures/Player/PitcherDetail.aspx?playerId=52392
56322,브룩스,WO,키움 히어로즈,타자,https://www.koreabaseball.com/Record/Player/HitterDetail/Basic.aspx?playerId=56322
78168,서건창,WO,키움 히어로즈,타자,https://www.koreabaseball.com/Record/Player/HitterDetail/Basic.aspx?playerId=78168
53309,서유신,WO,키움 히어로즈,타자,https://www.koreabaseball.com/Futures/Player/HitterDetail.aspx?playerId=53309
54363,손현기,WO,키움 히어로즈,투수,https://www.koreabaseball.com/Futures/Player/PitcherDetail.aspx?playerId=54363
55300,손힘찬,WO,키움 히어로즈,투수,https://www.koreabaseball.com/Futures/Player/PitcherDetail.aspx?playerId=55300
54394,송지후,WO,키움 히어로즈,타자,https://www.koreabaseball.com/Record/Player/HitterDetail/Basic.aspx?playerId=54394
54306,심휘윤,WO,키움 히어로즈,타자,https://www.koreabaseball.com/Futures/Player/HitterDetail.aspx?playerId=54306
68341,안우진,WO,키움 히어로즈,투수,https://www.koreabaseball.com/Record/Player/PitcherDetail/Basic.aspx?playerId=68341
79608,안치홍,WO,키움 히어로즈,타자,https://www.koreabaseball.com/Record/Player/HitterDetail/Basic.aspx?playerId=79608
69045,알칸타라,WO,키움 히어로즈,투수,https://www.koreabaseball.com/Record/Player/PitcherDetail/Basic.aspx?playerId=69045
67365,양지율,WO,키움 히어로즈,투수,https://www.koreabaseball.com/Futures/Player/PitcherDetail.aspx?playerId=67365
55370,양현종,WO,키움 히어로즈,타자,https://www.koreabaseball.com/Record/Player/HitterDetail/Basic.aspx?playerId=55370
55392,어준서,WO,키움 히어로즈,타자,https://www.koreabaseball.com/Record/Player/HitterDetail/Basic.aspx?playerId=55392
55393,여동욱,WO,키움 히어로즈,타자,https://www.koreabaseball.com/Record/Player/HitterDetail/Basic.aspx?playerId=55393
55339,염승원,WO,키움 히어로즈,타자,https://www.koreabaseball.com/Record/Player/HitterDetail/Basic.aspx?playerId=55339
67116,오석주,WO,키움 히어로즈,투수,https://www.koreabaseball.com/Record/Player/PitcherDetail/Basic.aspx?playerId=67116
78756,오선진,WO,키움 히어로즈,타자,https://www.koreabaseball.com/Record/Player/HitterDetail/Basic.aspx?playerId=78756
55383,오혜성,WO,키움 히어로즈,투수,https://www.koreabaseball.com/Futures/Player/PitcherDetail.aspx?playerId=55383
56334,와일스,WO,키움 히어로즈,투수,https://www.koreabaseball.com/Record/Player/PitcherDetail/Basic.aspx?playerId=56334
54307,원성준,WO,키움 히어로즈,타자,https://www.koreabaseball.com/Futures/Player/HitterDetail.aspx?playerId=54307
76118,원종현,WO,키움 히어로즈,투수,https://www.koreabaseball.com/Record/Player/PitcherDetail/Basic.aspx?playerId=76118
56315,유정택,WO,키움 히어로즈,타자,https://www.koreabaseball.com/Futures/Player/HitterDetail.aspx?playerId=56315
56348,유토,WO,키움 히어로즈,투수,https://www.koreabaseball.com/Record/Player/PitcherDetail/Basic.aspx?playerId=56348
52395,윤석원,WO,키움 히어로즈,투수,https://www.koreabaseball.com/Record/Player/PitcherDetail/Basic.aspx?playerId=52395
55396,윤현,WO,키움 히어로즈,투수,https://www.koreabaseball.com/Futures/Player/PitcherDetail.aspx?playerId=55396
50036,이강준,WO,키움 히어로즈,투수,https://www.koreabaseball.com/Futures/Player/PitcherDetail.aspx?playerId=50036
56308,이승재,WO,키움 히어로즈,투수,https://www.koreabaseball.com/Futures/Player/PitcherDetail.aspx?playerId=56308
67603,이승호,WO,키움 히어로즈,투수,https://www.koreabaseball.com/Futures/Player/PitcherDetail.aspx?playerId=67603
74163,이용규,WO,키움 히어로즈,타자,https://www.koreabaseball.com/Record/Player/HitterDetail/Basic.aspx?playerId=74163
54305,이재상,WO,키움 히어로즈,타자,https://www.koreabaseball.com/Futures/Player/HitterDetail.aspx?playerId=54305
50167,이주형,WO,키움 히어로즈,타자,https://www.koreabaseball.com/Record/Player/HitterDetail/Basic.aspx?playerId=50167
51302,이주형,WO,키움 히어로즈,타자,https://www.koreabaseball.com/Futures/Player/HitterDetail.aspx?playerId=51302
55301,이준우,WO,키움 히어로즈,투수,https://www.koreabaseball.com/Record/Player/PitcherDetail/Basic.aspx?playerId=55301
56366,이태양,WO,키움 히어로즈,투수,https://www.koreabaseball.com/Record/Player/PitcherDetail/Basic.aspx?playerId=56366
54301,이태준,WO,키움 히어로즈,투수,https://www.koreabaseball.com/Futures/Player/PitcherDetail.aspx?playerId=54301
78135,이형종,WO,키움 히어로즈,타자,https://www.koreabaseball.com/Record/Player/HitterDetail/Basic.aspx?playerId=78135
64346,임병욱,WO,키움 히어로즈,타자,https://www.koreabaseball.com/Record/Player/HitterDetail/Basic.aspx?playerId=64346
64340,임지열,WO,키움 히어로즈,타자,https://www.koreabaseball.com/Record/Player/HitterDetail/Basic.aspx?playerId=64340
55382,임진묵,WO,키움 히어로즈,투수,https://www.koreabaseball.com/Record/Player/PitcherDetail/Basic.aspx?playerId=55382
54362,전준표,WO,키움 히어로즈,투수,https://www.koreabaseball.com/Record/Player/PitcherDetail/Basic.aspx?playerId=54362
55397,전태현,WO,키움 히어로즈,타자,https://www.koreabaseball.com/Futures/Player/HitterDetail.aspx?playerId=55397
56345,정다훈,WO,키움 히어로즈,투수,https://www.koreabaseball.com/Record/Player/PitcherDetail/Basic.aspx?playerId=56345
55385,정동준,WO,키움 히어로즈,투수,https://www.koreabaseball.com/Futures/Player/PitcherDetail.aspx?playerId=55385
55377,정세영,WO,키움 히어로즈,투수,https://www.koreabaseball.com/Record/Player/PitcherDetail/Basic.aspx?playerId=55377
55313,정현우,WO,키움 히어로즈,투수,https://www.koreabaseball.com/Record/Player/PitcherDetail/Basic.aspx?playerId=55313
69360,조영건,WO,키움 히어로즈,투수,https://www.koreabaseball.com/Record/Player/PitcherDetail/Basic.aspx?playerId=69360
69332,주성원,WO,키움 히어로즈,타자,https://www.koreabaseball.com/Record/Player/HitterDetail/Basic.aspx?playerId=69332
56338,최재영,WO,키움 히어로즈,타자,https://www.koreabaseball.com/Record/Player/HitterDetail/Basic.aspx?playerId=56338
76267,최주환,WO,키움 히어로즈,타자,https://www.koreabaseball.com/Record/Player/HitterDetail/Basic.aspx?playerId=76267
56312,최현우,WO,키움 히어로즈,투수,https://www.koreabaseball.com/Futures/Player/PitcherDetail.aspx?playerId=56312
68362,추재현,WO,키움 히어로즈,타자,https://www.koreabaseball.com/Record/Player/HitterDetail/Basic.aspx?playerId=68362
64350,하영민,WO,키움 히어로즈,투수,https://www.koreabaseball.com/Record/Player/PitcherDetail/Basic.aspx?playerId=64350
53096,한민우,WO,키움 히어로즈,투수,https://www.koreabaseball.com/Futures/Player/PitcherDetail.aspx?playerId=53096
